Unnamed: 0,nameWithOwner,url,stargazers,releases,age,loc,cbo,dit,lcom
0,CyC2018/CS-Notes,https://github.com/CyC2018/CS-Notes,137746,0,3,0.0,0.0,0.0,0.0
1,Snailclimb/JavaGuide,https://github.com/Snailclimb/JavaGuide,110135,0,3,0.0,0.0,0.0,0.0
2,MisterBooo/LeetCodeAnimation,https://github.com/MisterBooo/LeetCodeAnimation,66728,0,2,0.0,0.0,0.0,0.0
3,doocs/advanced-java,https://github.com/doocs/advanced-java,57012,0,2,0.0,0.0,0.0,0.0
4,spring-projects/spring-boot,https://github.com/spring-projects/spring-boot,56999,106,8,0.0,0.0,0.0,0.0
5,elastic/elasticsearch,https://github.com/elastic/elasticsearch,56331,56,11,0.0,0.0,0.0,0.0
6,kdn251/interviews,https://github.com/kdn251/interviews,53779,0,4,0.0,0.0,0.0,0.0
7,macrozheng/mall,https://github.com/macrozheng/mall,52188,1,3,0.0,0.0,0.0,0.0
8,ReactiveX/RxJava,https://github.com/ReactiveX/RxJava,45132,225,8,0.0,0.0,0.0,0.0
9,spring-projects/spring-framework,https://github.com/spring-projects/spring-framework,44189,210,10,0.0,0.0,0.0,0.0
10,google/guava,https://github.com/google/guava,42235,32,7,0.0,0.0,0.0,0.0
11,TheAlgorithms/Java,https://github.com/TheAlgorithms/Java,40426,0,5,0.0,0.0,0.0,0.0
12,square/retrofit,https://github.com/square/retrofit,38649,0,11,0.0,0.0,0.0,0.0
13,kon9chunkit/GitHub-Chinese-Top-Charts,https://github.com/kon9chunkit/GitHub-Chinese-Top-Charts,38376,0,2,0.0,0.0,0.0,0.0
14,apache/dubbo,https://github.com/apache/dubbo,36091,38,9,0.0,0.0,0.0,0.0
15,PhilJay/MPAndroidChart,https://github.com/PhilJay/MPAndroidChart,33887,44,7,0.0,0.0,0.0,0.0
16,airbnb/lottie-android,https://github.com/airbnb/lottie-android,31710,36,4,0.0,0.0,0.0,0.0
17,bumptech/glide,https://github.com/bumptech/glide,31664,36,8,0.0,0.0,0.0,0.0
18,Blankj/AndroidUtilCode,https://github.com/Blankj/AndroidUtilCode,29778,116,5,0.0,0.0,0.0,0.0
19,NationalSecurityAgency/ghidra,https://github.com/NationalSecurityAgency/ghidra,28644,14,2,0.0,0.0,0.0,0.0
20,geekxh/hello-algorithm,https://github.com/geekxh/hello-algorithm,28366,0,1,0.0,0.0,0.0,0.0
21,zxing/zxing,https://github.com/zxing/zxing,28320,27,9,0.0,0.0,0.0,0.0
22,netty/netty,https://github.com/netty/netty,27480,0,10,0.0,0.0,0.0,0.0
23,eugenp/tutorials,https://github.com/eugenp/tutorials,27396,0,8,0.0,0.0,0.0,0.0
24,skylot/jadx,https://github.com/skylot/jadx,27042,14,8,0.0,0.0,0.0,0.0
25,alibaba/arthas,https://github.com/alibaba/arthas,27016,37,3,0.0,0.0,0.0,0.0
26,ityouknow/spring-boot-examples,https://github.com/ityouknow/spring-boot-examples,26178,0,4,0.0,0.0,0.0,0.0
27,JakeWharton/butterknife,https://github.com/JakeWharton/butterknife,25733,0,8,0.0,0.0,0.0,0.0
28,proxyee-down-org/proxyee-down,https://github.com/proxyee-down-org/proxyee-down,25380,49,3,0.0,0.0,0.0,0.0
29,apolloconfig/apollo,https://github.com/apolloconfig/apollo,25376,32,5,0.0,0.0,0.0,0.0
30,jeecgboot/jeecg-boot,https://github.com/jeecgboot/jeecg-boot,24740,16,2,0.0,0.0,0.0,0.0
31,alibaba/druid,https://github.com/alibaba/druid,24450,42,9,0.0,0.0,0.0,0.0
32,alibaba/fastjson,https://github.com/alibaba/fastjson,23739,82,9,0.0,0.0,0.0,0.0
33,greenrobot/EventBus,https://github.com/greenrobot/EventBus,23579,5,9,0.0,0.0,0.0,0.0
34,xkcoding/spring-boot-demo,https://github.com/xkcoding/spring-boot-demo,23227,0,3,0.0,0.0,0.0,0.0
35,scwang90/SmartRefreshLayout,https://github.com/scwang90/SmartRefreshLayout,22928,8,4,0.0,0.0,0.0,0.0
36,lenve/vhr,https://github.com/lenve/vhr,22233,0,3,0.0,0.0,0.0,0.0
37,CymChad/BaseRecyclerViewAdapterHelper,https://github.com/CymChad/BaseRecyclerViewAdapterHelper,22232,191,5,0.0,0.0,0.0,0.0
38,dbeaver/dbeaver,https://github.com/dbeaver/dbeaver,21992,135,5,0.0,0.0,0.0,0.0
39,Netflix/Hystrix,https://github.com/Netflix/Hystrix,21915,79,8,0.0,0.0,0.0,0.0
40,SeleniumHQ/selenium,https://github.com/SeleniumHQ/selenium,21571,69,8,0.0,0.0,0.0,0.0
41,wuyouzhuguli/SpringAll,https://github.com/wuyouzhuguli/SpringAll,21561,0,3,0.0,0.0,0.0,0.0
42,hollischuang/toBeTopJavaer,https://github.com/hollischuang/toBeTopJavaer,21486,0,2,0.0,0.0,0.0,0.0
43,qiurunze123/miaosha,https://github.com/qiurunze123/miaosha,21436,0,2,0.0,0.0,0.0,0.0
44,signalapp/Signal-Android,https://github.com/signalapp/Signal-Android,21079,0,9,0.0,0.0,0.0,0.0
45,alibaba/canal,https://github.com/alibaba/canal,20339,21,8,0.0,0.0,0.0,0.0
46,dromara/hutool,https://github.com/dromara/hutool,20295,99,7,0.0,0.0,0.0,0.0
47,google/gson,https://github.com/google/gson,20003,1,6,0.0,0.0,0.0,0.0
48,alibaba/spring-cloud-alibaba,https://github.com/alibaba/spring-cloud-alibaba,20000,25,3,0.0,0.0,0.0,0.0
49,apache/kafka,https://github.com/apache/kafka,19791,0,10,0.0,0.0,0.0,0.0
50,ReactiveX/RxAndroid,https://github.com/ReactiveX/RxAndroid,19491,18,7,0.0,0.0,0.0,0.0
51,xuxueli/xxl-job,https://github.com/xuxueli/xxl-job,19317,30,5,0.0,0.0,0.0,0.0
52,alibaba/nacos,https://github.com/alibaba/nacos,19224,41,3,0.0,0.0,0.0,0.0
53,libgdx/libgdx,https://github.com/libgdx/libgdx,18861,8,9,0.0,0.0,0.0,0.0
54,google/ExoPlayer,https://github.com/google/ExoPlayer,18203,13,7,0.0,0.0,0.0,0.0
55,square/picasso,https://github.com/square/picasso,18109,7,8,0.0,0.0,0.0,0.0
56,Baseflow/PhotoView,https://github.com/Baseflow/PhotoView,17908,5,9,0.0,0.0,0.0,0.0
57,didi/DoraemonKit,https://github.com/didi/DoraemonKit,17890,4,3,0.0,0.0,0.0,0.0
58,jenkinsci/jenkins,https://github.com/jenkinsci/jenkins,17790,123,10,0.0,0.0,0.0,0.0
59,DrKLO/Telegram,https://github.com/DrKLO/Telegram,17751,68,7,0.0,0.0,0.0,0.0
60,apache/skywalking,https://github.com/apache/skywalking,17641,46,5,0.0,0.0,0.0,0.0
61,redisson/redisson,https://github.com/redisson/redisson,17305,99,7,0.0,0.0,0.0,0.0
62,bazelbuild/bazel,https://github.com/bazelbuild/bazel,17274,115,7,0.0,0.0,0.0,0.0
63,alibaba/Sentinel,https://github.com/alibaba/Sentinel,17217,18,3,0.0,0.0,0.0,0.0
64,apache/flink,https://github.com/apache/flink,17032,0,7,0.0,0.0,0.0,0.0
65,nostra13/Android-Universal-Image-Loader,https://github.com/nostra13/Android-Universal-Image-Loader,16844,0,9,0.0,0.0,0.0,0.0
66,facebook/fresco,https://github.com/facebook/fresco,16650,44,6,0.0,0.0,0.0,0.0
67,CarGuo/GSYVideoPlayer,https://github.com/CarGuo/GSYVideoPlayer,16617,26,4,0.0,0.0,0.0,0.0
68,linlinjava/litemall,https://github.com/linlinjava/litemall,16295,8,3,0.0,0.0,0.0,0.0
69,elunez/eladmin,https://github.com/elunez/eladmin,16273,6,2,0.0,0.0,0.0,0.0
70,mybatis/mybatis-3,https://github.com/mybatis/mybatis-3,16165,34,8,0.0,0.0,0.0,0.0
71,shuzheng/zheng,https://github.com/shuzheng/zheng,16075,0,4,0.0,0.0,0.0,0.0
72,Tencent/tinker,https://github.com/Tencent/tinker,15991,42,5,0.0,0.0,0.0,0.0
73,forezp/SpringCloudLearning,https://github.com/forezp/SpringCloudLearning,15900,0,4,0.0,0.0,0.0,0.0
74,dianping/cat,https://github.com/dianping/cat,15864,0,8,0.0,0.0,0.0,0.0
75,oracle/graal,https://github.com/oracle/graal,15838,32,5,0.0,0.0,0.0,0.0
76,brettwooldridge/HikariCP,https://github.com/brettwooldridge/HikariCP,15679,0,7,0.0,0.0,0.0,0.0
77,apache/rocketmq,https://github.com/apache/rocketmq,15249,3,4,0.0,0.0,0.0,0.0
78,EnterpriseQualityCoding/FizzBuzzEnterpriseEdition,https://github.com/EnterpriseQualityCoding/FizzBuzzEnterpriseEdition,15029,0,8,0.0,0.0,0.0,0.0
79,winterbe/java8-tutorial,https://github.com/winterbe/java8-tutorial,14989,0,7,0.0,0.0,0.0,0.0
80,android10/Android-CleanArchitecture,https://github.com/android10/Android-CleanArchitecture,14942,0,7,0.0,0.0,0.0,0.0
81,TeamNewPipe/NewPipe,https://github.com/TeamNewPipe/NewPipe,14864,107,6,0.0,0.0,0.0,0.0
82,openzipkin/zipkin,https://github.com/openzipkin/zipkin,14674,62,9,0.0,0.0,0.0,0.0
83,JeffLi1993/springboot-learning-example,https://github.com/JeffLi1993/springboot-learning-example,14485,0,4,0.0,0.0,0.0,0.0
84,apache/shardingsphere,https://github.com/apache/shardingsphere,14475,44,5,0.0,0.0,0.0,0.0
85,lottie-react-native/lottie-react-native,https://github.com/lottie-react-native/lottie-react-native,14433,3,4,0.0,0.0,0.0,0.0
86,LMAX-Exchange/disruptor,https://github.com/LMAX-Exchange/disruptor,14050,12,8,0.0,0.0,0.0,0.0
87,hdodenhof/CircleImageView,https://github.com/hdodenhof/CircleImageView,14001,0,7,0.0,0.0,0.0,0.0
88,dyc87112/SpringBoot-Learning,https://github.com/dyc87112/SpringBoot-Learning,13512,0,5,0.0,0.0,0.0,0.0
89,alibaba/ARouter,https://github.com/alibaba/ARouter,13397,16,4,0.0,0.0,0.0,0.0
90,Tencent/QMUI_Android,https://github.com/Tencent/QMUI_Android,13138,35,4,0.0,0.0,0.0,0.0
91,orhanobut/logger,https://github.com/orhanobut/logger,12967,16,6,0.0,0.0,0.0,0.0
92,Bigkoo/Android-PickerView,https://github.com/Bigkoo/Android-PickerView,12903,0,6,0.0,0.0,0.0,0.0
93,material-components/material-components-android,https://github.com/material-components/material-components-android,12768,41,4,0.0,0.0,0.0,0.0
94,Curzibn/Luban,https://github.com/Curzibn/Luban,12646,6,5,0.0,0.0,0.0,0.0
95,medcl/elasticsearch-analysis-ik,https://github.com/medcl/elasticsearch-analysis-ik,12594,139,9,0.0,0.0,0.0,0.0
96,iBotPeaches/Apktool,https://github.com/iBotPeaches/Apktool,12460,14,9,0.0,0.0,0.0,0.0
97,Konloch/bytecode-viewer,https://github.com/Konloch/bytecode-viewer,12380,55,6,0.0,0.0,0.0,0.0
98,prestodb/presto,https://github.com/prestodb/presto,12377,0,9,0.0,0.0,0.0,0.0
99,facebook/stetho,https://github.com/facebook/stetho,12349,13,6,0.0,0.0,0.0,0.0
100,prestodb/presto,https://github.com/prestodb/presto,12377,0,9,0.0,0.0,0.0,0.0
101,facebook/stetho,https://github.com/facebook/stetho,12349,13,6,0.0,0.0,0.0,0.0
102,eclipse-vertx/vert.x,https://github.com/eclipse-vertx/vert.x,12335,0,10,0.0,0.0,0.0,0.0
103,android-hacker/VirtualXposed,https://github.com/android-hacker/VirtualXposed,12226,49,3,0.0,0.0,0.0,0.0
104,eclipse/deeplearning4j,https://github.com/eclipse/deeplearning4j,12169,0,7,0.0,0.0,0.0,0.0
105,mockito/mockito,https://github.com/mockito/mockito,12136,179,8,0.0,0.0,0.0,0.0
106,daimajia/AndroidSwipeLayout,https://github.com/daimajia/AndroidSwipeLayout,12120,18,7,0.0,0.0,0.0,0.0
107,justauth/JustAuth,https://github.com/justauth/JustAuth,12106,43,2,0.0,0.0,0.0,0.0
108,zhihu/Matisse,https://github.com/zhihu/Matisse,12076,15,4,0.0,0.0,0.0,0.0
109,arduino/Arduino,https://github.com/arduino/Arduino,12033,33,10,0.0,0.0,0.0,0.0
110,daimajia/AndroidViewAnimations,https://github.com/daimajia/AndroidViewAnimations,11917,9,7,0.0,0.0,0.0,0.0
111,apache/hadoop,https://github.com/apache/hadoop,11914,0,7,0.0,0.0,0.0,0.0
112,JessYanCoding/AndroidAutoSize,https://github.com/JessYanCoding/AndroidAutoSize,11813,14,3,0.0,0.0,0.0,0.0
113,YunaiV/SpringBoot-Labs,https://github.com/YunaiV/SpringBoot-Labs,11784,0,2,0.0,0.0,0.0,0.0
114,pinpoint-apm/pinpoint,https://github.com/pinpoint-apm/pinpoint,11655,47,6,0.0,0.0,0.0,0.0
115,baomidou/mybatis-plus,https://github.com/baomidou/mybatis-plus,11642,21,5,0.0,0.0,0.0,0.0
116,Tencent/APIJSON,https://github.com/Tencent/APIJSON,11547,82,4,0.0,0.0,0.0,0.0
117,youth5201314/banner,https://github.com/youth5201314/banner,11482,0,5,0.0,0.0,0.0,0.0
118,Anuken/Mindustry,https://github.com/Anuken/Mindustry,11417,128,4,0.0,0.0,0.0,0.0
119,Tencent/VasSonic,https://github.com/Tencent/VasSonic,11386,10,4,0.0,0.0,0.0,0.0
120,Netflix/zuul,https://github.com/Netflix/zuul,11261,5,8,0.0,0.0,0.0,0.0
121,realm/realm-java,https://github.com/realm/realm-java,11187,0,9,0.0,0.0,0.0,0.0
122,jfeinstein10/SlidingMenu,https://github.com/jfeinstein10/SlidingMenu,11179,0,9,0.0,0.0,0.0,0.0
123,androidannotations/androidannotations,https://github.com/androidannotations/androidannotations,11158,0,9,0.0,0.0,0.0,0.0
124,apache/druid,https://github.com/apache/druid,11116,46,8,0.0,0.0,0.0,0.0
125,Yalantis/uCrop,https://github.com/Yalantis/uCrop,10870,13,5,0.0,0.0,0.0,0.0
126,openjdk/jdk,https://github.com/openjdk/jdk,10842,0,2,0.0,0.0,0.0,0.0
127,sqshq/piggymetrics,https://github.com/sqshq/piggymetrics,10805,2,6,0.0,0.0,0.0,0.0
128,alibaba/vlayout,https://github.com/alibaba/vlayout,10803,34,4,0.0,0.0,0.0,0.0
129,williamfiset/Algorithms,https://github.com/williamfiset/Algorithms,10789,0,4,0.0,0.0,0.0,0.0
130,LuckSiege/PictureSelector,https://github.com/LuckSiege/PictureSelector,10772,97,4,0.0,0.0,0.0,0.0
131,permissions-dispatcher/PermissionsDispatcher,https://github.com/permissions-dispatcher/PermissionsDispatcher,10753,40,6,0.0,0.0,0.0,0.0
132,zhisheng17/flink-learning,https://github.com/zhisheng17/flink-learning,10715,0,2,0.0,0.0,0.0,0.0
133,Netflix/eureka,https://github.com/Netflix/eureka,10695,141,9,0.0,0.0,0.0,0.0
134,android-async-http/android-async-http,https://github.com/android-async-http/android-async-http,10648,3,10,0.0,0.0,0.0,0.0
135,pagehelper/Mybatis-PageHelper,https://github.com/pagehelper/Mybatis-PageHelper,10607,8,7,0.0,0.0,0.0,0.0
136,hyb1996/Auto.js,https://github.com/hyb1996/Auto.js,10433,0,4,0.0,0.0,0.0,0.0
137,google/guice,https://github.com/google/guice,10406,14,7,0.0,0.0,0.0,0.0
138,lipangit/JiaoZiVideoPlayer,https://github.com/lipangit/JiaoZiVideoPlayer,10384,78,5,0.0,0.0,0.0,0.0
139,H07000223/FlycoTabLayout,https://github.com/H07000223/FlycoTabLayout,10382,4,5,0.0,0.0,0.0,0.0
140,ben-manes/caffeine,https://github.com/ben-manes/caffeine,10376,55,6,0.0,0.0,0.0,0.0
141,jeasonlzy/okhttp-OkGo,https://github.com/jeasonlzy/okhttp-OkGo,10370,14,5,0.0,0.0,0.0,0.0
142,heibaiying/BigData-Notes,https://github.com/heibaiying/BigData-Notes,10348,0,2,0.0,0.0,0.0,0.0
143,java-decompiler/jd-gui,https://github.com/java-decompiler/jd-gui,10342,18,6,0.0,0.0,0.0,0.0
144,seaswalker/spring-analysis,https://github.com/seaswalker/spring-analysis,10319,0,4,0.0,0.0,0.0,0.0
145,lingochamp/FileDownloader,https://github.com/lingochamp/FileDownloader,10289,65,5,0.0,0.0,0.0,0.0
146,JakeWharton/ViewPagerIndicator,https://github.com/JakeWharton/ViewPagerIndicator,10227,0,10,0.0,0.0,0.0,0.0
147,codecentric/spring-boot-admin,https://github.com/codecentric/spring-boot-admin,10173,59,7,0.0,0.0,0.0,0.0
148,JessYanCoding/MVPArms,https://github.com/JessYanCoding/MVPArms,10104,25,5,0.0,0.0,0.0,0.0
149,redis/jedis,https://github.com/redis/jedis,10026,49,11,0.0,0.0,0.0,0.0
150,frank-lam/fullstack-tutorial,https://github.com/frank-lam/fullstack-tutorial,10022,0,3,0.0,0.0,0.0,0.0
151,code4craft/webmagic,https://github.com/code4craft/webmagic,10008,20,8,0.0,0.0,0.0,0.0
152,mission-peace/interview,https://github.com/mission-peace/interview,9926,0,7,0.0,0.0,0.0,0.0
153,keycloak/keycloak,https://github.com/keycloak/keycloak,9910,11,8,0.0,0.0,0.0,0.0
154,gyf-dev/ImmersionBar,https://github.com/gyf-dev/ImmersionBar,9836,0,4,0.0,0.0,0.0,0.0
155,apache/zookeeper,https://github.com/apache/zookeeper,9810,0,12,0.0,0.0,0.0,0.0
156,aosp-mirror/platform_frameworks_base,https://github.com/aosp-mirror/platform_frameworks_base,9695,0,12,0.0,0.0,0.0,0.0
157,liaohuqiu/android-Ultra-Pull-To-Refresh,https://github.com/liaohuqiu/android-Ultra-Pull-To-Refresh,9675,8,6,0.0,0.0,0.0,0.0
158,daniulive/SmarterStreaming,https://github.com/daniulive/SmarterStreaming,9668,0,5,0.0,0.0,0.0,0.0
159,ksoichiro/Android-ObservableScrollView,https://github.com/ksoichiro/Android-ObservableScrollView,9622,0,6,0.0,0.0,0.0,0.0
160,OpenAPITools/openapi-generator,https://github.com/OpenAPITools/openapi-generator,9586,42,3,0.0,0.0,0.0,0.0
161,alibaba/DataX,https://github.com/alibaba/DataX,9555,0,3,0.0,0.0,0.0,0.0
162,janishar/mit-deep-learning-book-pdf,https://github.com/janishar/mit-deep-learning-book-pdf,9551,3,4,0.0,0.0,0.0,0.0
163,HarlonWang/AVLoadingIndicatorView,https://github.com/HarlonWang/AVLoadingIndicatorView,9546,1,5,0.0,0.0,0.0,0.0
164,apache/pulsar,https://github.com/apache/pulsar,9534,50,5,0.0,0.0,0.0,0.0
165,macrozheng/mall-learning,https://github.com/macrozheng/mall-learning,9498,0,2,0.0,0.0,0.0,0.0
166,pockethub/PocketHub,https://github.com/pockethub/PocketHub,9472,1,10,0.0,0.0,0.0,0.0
167,google/auto,https://github.com/google/auto,9379,51,8,0.0,0.0,0.0,0.0
168,react-native-camera/react-native-camera,https://github.com/react-native-camera/react-native-camera,9358,142,6,0.0,0.0,0.0,0.0
169,umano/AndroidSlidingUpPanel,https://github.com/umano/AndroidSlidingUpPanel,9323,8,8,0.0,0.0,0.0,0.0
170,googlesamples/easypermissions,https://github.com/googlesamples/easypermissions,9234,12,5,0.0,0.0,0.0,0.0
171,thingsboard/thingsboard,https://github.com/thingsboard/thingsboard,9182,44,4,0.0,0.0,0.0,0.0
172,perwendel/spark,https://github.com/perwendel/spark,9152,0,10,0.0,0.0,0.0,0.0
173,navasmdc/MaterialDesignLibrary,https://github.com/navasmdc/MaterialDesignLibrary,9119,3,6,0.0,0.0,0.0,0.0
174,square/javapoet,https://github.com/square/javapoet,9115,0,8,0.0,0.0,0.0,0.0
175,paascloud/paascloud-master,https://github.com/paascloud/paascloud-master,9078,0,3,0.0,0.0,0.0,0.0
176,clojure/clojure,https://github.com/clojure/clojure,9075,0,11,0.0,0.0,0.0,0.0
177,bilibili/DanmakuFlameMaster,https://github.com/bilibili/DanmakuFlameMaster,9059,5,8,0.0,0.0,0.0,0.0
178,grpc/grpc-java,https://github.com/grpc/grpc-java,9025,96,6,0.0,0.0,0.0,0.0
179,jhy/jsoup,https://github.com/jhy/jsoup,8994,4,11,0.0,0.0,0.0,0.0
180,careercup/CtCI-6th-Edition,https://github.com/careercup/CtCI-6th-Edition,8983,0,6,0.0,0.0,0.0,0.0
181,nathanmarz/storm,https://github.com/nathanmarz/storm,8941,0,9,0.0,0.0,0.0,0.0
182,koral--/android-gif-drawable,https://github.com/koral--/android-gif-drawable,8918,55,8,0.0,0.0,0.0,0.0
183,apereo/cas,https://github.com/apereo/cas,8907,191,9,0.0,0.0,0.0,0.0
184,pxb1988/dex2jar,https://github.com/pxb1988/dex2jar,8906,4,6,0.0,0.0,0.0,0.0
185,chefyuan/algorithm-base,https://github.com/chefyuan/algorithm-base,8877,0,0,0.0,0.0,0.0,0.0
186,termux/termux-app,https://github.com/termux/termux-app,8875,88,5,0.0,0.0,0.0,0.0
187,hackware1993/MagicIndicator,https://github.com/hackware1993/MagicIndicator,8844,12,5,0.0,0.0,0.0,0.0
188,lihengming/spring-boot-api-project-seed,https://github.com/lihengming/spring-boot-api-project-seed,8821,4,4,0.0,0.0,0.0,0.0
189,chrisbanes/Android-PullToRefresh,https://github.com/chrisbanes/Android-PullToRefresh,8811,0,9,0.0,0.0,0.0,0.0
190,zaproxy/zaproxy,https://github.com/zaproxy/zaproxy,8779,226,6,0.0,0.0,0.0,0.0
191,laobie/StatusBarUtil,https://github.com/laobie/StatusBarUtil,8686,0,5,0.0,0.0,0.0,0.0
192,DuGuQiuBai/Java,https://github.com/DuGuQiuBai/Java,8633,0,5,0.0,0.0,0.0,0.0
193,chrisjenx/Calligraphy,https://github.com/chrisjenx/Calligraphy,8625,4,7,0.0,0.0,0.0,0.0
194,lzyzsd/JsBridge,https://github.com/lzyzsd/JsBridge,8616,0,6,0.0,0.0,0.0,0.0
195,didi/VirtualAPK,https://github.com/didi/VirtualAPK,8516,4,4,0.0,0.0,0.0,0.0
196,roughike/BottomBar,https://github.com/roughike/BottomBar,8453,4,5,0.0,0.0,0.0,0.0
197,Freelander/Android_Data,https://github.com/Freelander/Android_Data,8428,0,6,0.0,0.0,0.0,0.0
198,quarkusio/quarkus,https://github.com/quarkusio/quarkus,8426,136,3,0.0,0.0,0.0,0.0
199,TooTallNate/Java-WebSocket,https://github.com/TooTallNate/Java-WebSocket,8381,13,11,0.0,0.0,0.0,0.0
200,Janseon/CardMenuView,https://github.com/Janseon/CardMenuView,282,0,5,0.0,0.0,0.0,0.0
201,johnlindquist/angularjs-plugin,https://github.com/johnlindquist/angularjs-plugin,282,0,9,0.0,0.0,0.0,0.0
202,trikita/jedux,https://github.com/trikita/jedux,282,0,5,0.0,0.0,0.0,0.0
203,JoaquimLey/avenging,https://github.com/JoaquimLey/avenging,281,1,5,0.0,0.0,0.0,0.0
204,agoncal/agoncal-book-javaee7,https://github.com/agoncal/agoncal-book-javaee7,280,0,9,0.0,0.0,0.0,0.0
205,nicolasjafelle/PagingGridView,https://github.com/nicolasjafelle/PagingGridView,280,0,7,0.0,0.0,0.0,0.0
206,TangoAgency/android-data-binding-rxjava,https://github.com/TangoAgency/android-data-binding-rxjava,280,0,4,0.0,0.0,0.0,0.0
207,RJ/irccat,https://github.com/RJ/irccat,279,0,12,0.0,0.0,0.0,0.0
208,lzyzsd/AndroidRandomColor,https://github.com/lzyzsd/AndroidRandomColor,279,0,6,0.0,0.0,0.0,0.0
209,beders/Resty,https://github.com/beders/Resty,278,0,10,0.0,0.0,0.0,0.0
210,gonjay/rubychina4android,https://github.com/gonjay/rubychina4android,278,0,7,0.0,0.0,0.0,0.0
211,captain-miao/RecyclerViewUtils,https://github.com/captain-miao/RecyclerViewUtils,278,1,7,0.0,0.0,0.0,0.0
212,gitskarios/GithubAndroidSdk,https://github.com/gitskarios/GithubAndroidSdk,278,2,6,0.0,0.0,0.0,0.0
213,xvitcoder/spring-mvc-angularjs,https://github.com/xvitcoder/spring-mvc-angularjs,278,0,8,0.0,0.0,0.0,0.0
214,ryanhoo/fir.flight,https://github.com/ryanhoo/fir.flight,276,0,5,0.0,0.0,0.0,0.0
215,ssk5460/DraggableFlipView,https://github.com/ssk5460/DraggableFlipView,276,2,5,0.0,0.0,0.0,0.0
216,pedrovgs/Nox,https://github.com/pedrovgs/Nox,276,1,6,0.0,0.0,0.0,0.0
217,JmStefanAndroid/PVCloudGroupn,https://github.com/JmStefanAndroid/PVCloudGroupn,275,0,4,0.0,0.0,0.0,0.0
218,cangwang/ModuleBus,https://github.com/cangwang/ModuleBus,275,0,4,0.0,0.0,0.0,0.0
219,vlonjatg/AppTour,https://github.com/vlonjatg/AppTour,274,0,6,0.0,0.0,0.0,0.0
220,gridgain/gridgain-old,https://github.com/gridgain/gridgain-old,274,11,7,0.0,0.0,0.0,0.0
221,rajasharan/RearrangeableLayout,https://github.com/rajasharan/RearrangeableLayout,273,1,6,0.0,0.0,0.0,0.0
222,googleglass/mirror-quickstart-java,https://github.com/googleglass/mirror-quickstart-java,272,0,8,0.0,0.0,0.0,0.0
223,smart-fun/SmartFonts,https://github.com/smart-fun/SmartFonts,272,5,4,0.0,0.0,0.0,0.0
224,delight-im/Android-DDP,https://github.com/delight-im/Android-DDP,271,0,6,0.0,0.0,0.0,0.0
225,walkingp/AndroidCnblogs,https://github.com/walkingp/AndroidCnblogs,271,0,9,0.0,0.0,0.0,0.0
226,cesarferreira/CatKit,https://github.com/cesarferreira/CatKit,271,1,6,0.0,0.0,0.0,0.0
227,MasayukiSuda/AnimateHorizontalProgressBar,https://github.com/MasayukiSuda/AnimateHorizontalProgressBar,271,6,5,0.0,0.0,0.0,0.0
228,ArcBees/Jukito,https://github.com/ArcBees/Jukito,271,1,8,0.0,0.0,0.0,0.0
229,nurkiewicz/spring-data-jdbc-repository,https://github.com/nurkiewicz/spring-data-jdbc-repository,270,0,8,0.0,0.0,0.0,0.0
230,KyleBanks/IconEditText,https://github.com/KyleBanks/IconEditText,269,0,6,0.0,0.0,0.0,0.0
231,flavienlaurent/tickplusdrawable,https://github.com/flavienlaurent/tickplusdrawable,268,0,7,0.0,0.0,0.0,0.0
232,peholmst/vaadin4spring,https://github.com/peholmst/vaadin4spring,268,1,7,0.0,0.0,0.0,0.0
233,cwenao/springboot_cwenao,https://github.com/cwenao/springboot_cwenao,268,0,4,0.0,0.0,0.0,0.0
234,wongcain/MVP-Simple-Demo,https://github.com/wongcain/MVP-Simple-Demo,268,0,6,0.0,0.0,0.0,0.0
235,lynnchurch/PullToRefresh,https://github.com/lynnchurch/PullToRefresh,266,0,6,0.0,0.0,0.0,0.0
236,MoshDev/BackgroundViewPager,https://github.com/MoshDev/BackgroundViewPager,266,0,7,0.0,0.0,0.0,0.0
237,Elder-Wu/Notes,https://github.com/Elder-Wu/Notes,266,0,4,0.0,0.0,0.0,0.0
238,kymjs/CodeCafe,https://github.com/kymjs/CodeCafe,266,1,5,0.0,0.0,0.0,0.0
239,xiewenfeng/statusbartextcolorchange,https://github.com/xiewenfeng/statusbartextcolorchange,265,0,4,0.0,0.0,0.0,0.0
240,Even201314/NumberMorphView4Android,https://github.com/Even201314/NumberMorphView4Android,265,3,5,0.0,0.0,0.0,0.0
241,haseman/Android-AR-Kit,https://github.com/haseman/Android-AR-Kit,264,0,11,0.0,0.0,0.0,0.0
242,VictorAlbertos/RxSocialConnect-Android,https://github.com/VictorAlbertos/RxSocialConnect-Android,264,14,5,0.0,0.0,0.0,0.0
243,dan-zx/rox-android,https://github.com/dan-zx/rox-android,260,2,6,0.0,0.0,0.0,0.0
244,cf-samples-attic/springsource-cloudfoundry-samples,https://github.com/cf-samples-attic/springsource-cloudfoundry-samples,260,0,10,0.0,0.0,0.0,0.0
245,JakeWharton/paraphrase,https://github.com/JakeWharton/paraphrase,260,0,7,0.0,0.0,0.0,0.0
246,hencoder/PracticeDraw2,https://github.com/hencoder/PracticeDraw2,260,0,4,0.0,0.0,0.0,0.0
247,sakebook/Reachability,https://github.com/sakebook/Reachability,259,3,6,0.0,0.0,0.0,0.0
248,cucumber-attic/cuke4duke,https://github.com/cucumber-attic/cuke4duke,258,0,12,0.0,0.0,0.0,0.0
249,HotBitmapGG/MoeQuest,https://github.com/HotBitmapGG/MoeQuest,258,1,5,0.0,0.0,0.0,0.0
250,lrannn/SimpleRecorder,https://github.com/lrannn/SimpleRecorder,257,0,4,0.0,0.0,0.0,0.0
251,YeDeming/THUTag,https://github.com/YeDeming/THUTag,257,0,5,0.0,0.0,0.0,0.0
252,VictorAlbertos/SwipeCoordinator,https://github.com/VictorAlbertos/SwipeCoordinator,257,1,4,0.0,0.0,0.0,0.0
253,CloudStack-extras/CloudStack-archive,https://github.com/CloudStack-extras/CloudStack-archive,256,0,10,0.0,0.0,0.0,0.0
254,yll2wcf/YLListView,https://github.com/yll2wcf/YLListView,256,0,5,0.0,0.0,0.0,0.0
255,googlearchive/android-SwipeRefreshMultipleViews,https://github.com/googlearchive/android-SwipeRefreshMultipleViews,256,0,7,0.0,0.0,0.0,0.0
256,bessemHmidi/AngularBeans,https://github.com/bessemHmidi/AngularBeans,256,1,6,0.0,0.0,0.0,0.0
257,xybCoder/gank,https://github.com/xybCoder/gank,256,0,5,0.0,0.0,0.0,0.0
258,RobotAmiee/Android-NiceTab,https://github.com/RobotAmiee/Android-NiceTab,255,0,6,0.0,0.0,0.0,0.0
259,shanyao0/DownLoadManager,https://github.com/shanyao0/DownLoadManager,255,0,5,0.0,0.0,0.0,0.0
260,ManuelPeinado/NumericPageIndicator,https://github.com/ManuelPeinado/NumericPageIndicator,255,0,8,0.0,0.0,0.0,0.0
261,erickok/RxCupboard,https://github.com/erickok/RxCupboard,254,5,6,0.0,0.0,0.0,0.0
262,binglingziyu/OwlView,https://github.com/binglingziyu/OwlView,252,0,5,0.0,0.0,0.0,0.0
263,HotBitmapGG/LeisureRead,https://github.com/HotBitmapGG/LeisureRead,251,1,5,0.0,0.0,0.0,0.0
264,ygorbarboza/AKParallax-Android,https://github.com/ygorbarboza/AKParallax-Android,251,0,8,0.0,0.0,0.0,0.0
265,youzan/TitanRecyclerView,https://github.com/youzan/TitanRecyclerView,251,0,5,0.0,0.0,0.0,0.0
266,xuyisheng/NaturalAnim,https://github.com/xuyisheng/NaturalAnim,251,0,4,0.0,0.0,0.0,0.0
267,mrmans0n/smart-adapters,https://github.com/mrmans0n/smart-adapters,251,0,6,0.0,0.0,0.0,0.0
268,agrosner/Painter,https://github.com/agrosner/Painter,250,0,7,0.0,0.0,0.0,0.0
269,frakbot/GlowPadBackport,https://github.com/frakbot/GlowPadBackport,250,3,8,0.0,0.0,0.0,0.0
270,CiTuX/datetimepicker,https://github.com/CiTuX/datetimepicker,249,5,7,0.0,0.0,0.0,0.0
271,shunfei/DCMonitor,https://github.com/shunfei/DCMonitor,249,4,6,0.0,0.0,0.0,0.0
272,3pillarlabs/socialauth,https://github.com/3pillarlabs/socialauth,248,0,8,0.0,0.0,0.0,0.0
273,mcxtzhang/NestFullListView,https://github.com/mcxtzhang/NestFullListView,248,0,4,0.0,0.0,0.0,0.0
274,draptik/angulardemorestful,https://github.com/draptik/angulardemorestful,247,0,8,0.0,0.0,0.0,0.0
275,XAVlER-S/MagicHeaderViewPager,https://github.com/XAVlER-S/MagicHeaderViewPager,247,0,5,0.0,0.0,0.0,0.0
276,VictorAlbertos/ReactiveCache,https://github.com/VictorAlbertos/ReactiveCache,246,3,5,0.0,0.0,0.0,0.0
277,notHide/Hide-Music-Player,https://github.com/notHide/Hide-Music-Player,246,0,5,0.0,0.0,0.0,0.0
278,mesos/elasticsearch,https://github.com/mesos/elasticsearch,246,12,6,0.0,0.0,0.0,0.0
279,tibi1712/FoldingNavigationDrawer-Android,https://github.com/tibi1712/FoldingNavigationDrawer-Android,245,0,7,0.0,0.0,0.0,0.0
280,ZhaoKaiQiang/JianDanRxJava,https://github.com/ZhaoKaiQiang/JianDanRxJava,245,0,5,0.0,0.0,0.0,0.0
281,liato/android-bankdroid,https://github.com/liato/android-bankdroid,245,0,11,0.0,0.0,0.0,0.0
282,VeerHan/RecyclerRefresh,https://github.com/VeerHan/RecyclerRefresh,244,0,5,0.0,0.0,0.0,0.0
283,cyrilmottier/ListViewTipsAndTricks,https://github.com/cyrilmottier/ListViewTipsAndTricks,244,0,10,0.0,0.0,0.0,0.0
284,Workable/java-error-handler,https://github.com/Workable/java-error-handler,244,0,5,0.0,0.0,0.0,0.0
285,mattlogan/Pancakes,https://github.com/mattlogan/Pancakes,243,0,5,0.0,0.0,0.0,0.0
286,tmorcinek/android-codegenerator-plugin-intellij,https://github.com/tmorcinek/android-codegenerator-plugin-intellij,243,6,6,0.0,0.0,0.0,0.0
287,781015928/AopUtils,https://github.com/781015928/AopUtils,243,0,4,0.0,0.0,0.0,0.0
288,prolificinteractive/Chandelier,https://github.com/prolificinteractive/Chandelier,242,1,5,0.0,0.0,0.0,0.0
289,wutongke/AndroidSkinAnimator,https://github.com/wutongke/AndroidSkinAnimator,242,0,4,0.0,0.0,0.0,0.0
290,jtribe/shelly,https://github.com/jtribe/shelly,241,2,6,0.0,0.0,0.0,0.0
291,GongWnbo/SuperRecycleView,https://github.com/GongWnbo/SuperRecycleView,241,0,3,0.0,0.0,0.0,0.0
292,SumiMakito/AdvancedTextSwitcher,https://github.com/SumiMakito/AdvancedTextSwitcher,240,1,6,0.0,0.0,0.0,0.0
293,nugongshou110/MeiTuanRefreshListView,https://github.com/nugongshou110/MeiTuanRefreshListView,240,0,5,0.0,0.0,0.0,0.0
294,RamosLi/dbay-apns-for-java,https://github.com/RamosLi/dbay-apns-for-java,240,0,7,0.0,0.0,0.0,0.0
295,sephiroth74/android-floating-action-menu,https://github.com/sephiroth74/android-floating-action-menu,240,0,7,0.0,0.0,0.0,0.0
296,couchbaselabs/TouchDB-Android,https://github.com/couchbaselabs/TouchDB-Android,239,0,9,0.0,0.0,0.0,0.0
297,developer-shivam/ChanelView,https://github.com/developer-shivam/ChanelView,239,0,4,0.0,0.0,0.0,0.0
298,xiaweizi/AndroidToolsExample,https://github.com/xiaweizi/AndroidToolsExample,239,0,3,0.0,0.0,0.0,0.0
299,mixi-inc/Android-Device-Compatibility,https://github.com/mixi-inc/Android-Device-Compatibility,238,0,8,0.0,0.0,0.0,0.0
300,koush/ion,https://github.com/koush/ion,6283,0,8,0.0,0.0,0.0,0.0
301,apache/storm,https://github.com/apache/storm,6270,0,7,0.0,0.0,0.0,0.0
302,vinc3m1/RoundedImageView,https://github.com/vinc3m1/RoundedImageView,6241,19,8,0.0,0.0,0.0,0.0
303,GrenderG/Toasty,https://github.com/GrenderG/Toasty,6224,19,4,0.0,0.0,0.0,0.0
304,json-path/JsonPath,https://github.com/json-path/JsonPath,6223,7,10,0.0,0.0,0.0,0.0
305,gocd/gocd,https://github.com/gocd/gocd,6221,68,7,0.0,0.0,0.0,0.0
306,lenve/VBlog,https://github.com/lenve/VBlog,6206,0,3,0.0,0.0,0.0,0.0
307,checkstyle/checkstyle,https://github.com/checkstyle/checkstyle,6204,107,8,0.0,0.0,0.0,0.0
308,wildfirechat/server,https://github.com/wildfirechat/server,6197,48,2,0.0,0.0,0.0,0.0
309,spring-projects/spring-security,https://github.com/spring-projects/spring-security,6193,74,9,0.0,0.0,0.0,0.0
310,Meituan-Dianping/walle,https://github.com/Meituan-Dianping/walle,6182,1,4,0.0,0.0,0.0,0.0
311,k9mail/k-9,https://github.com/k9mail/k-9,6170,111,10,0.0,0.0,0.0,0.0
312,markzhai/AndroidPerformanceMonitor,https://github.com/markzhai/AndroidPerformanceMonitor,6158,0,5,0.0,0.0,0.0,0.0
313,ionic-team/capacitor,https://github.com/ionic-team/capacitor,6138,63,3,0.0,0.0,0.0,0.0
314,google/closure-compiler,https://github.com/google/closure-compiler,6129,0,7,0.0,0.0,0.0,0.0
315,ikew0ng/SwipeBackLayout,https://github.com/ikew0ng/SwipeBackLayout,6120,0,8,0.0,0.0,0.0,0.0
316,rengwuxian/MaterialEditText,https://github.com/rengwuxian/MaterialEditText,6101,19,6,0.0,0.0,0.0,0.0
317,flyway/flyway,https://github.com/flyway/flyway,6093,108,8,0.0,0.0,0.0,0.0
318,zo0r/react-native-push-notification,https://github.com/zo0r/react-native-push-notification,6075,34,5,0.0,0.0,0.0,0.0
319,rey5137/material,https://github.com/rey5137/material,6064,10,6,0.0,0.0,0.0,0.0
320,guardianproject/haven,https://github.com/guardianproject/haven,6063,37,4,0.0,0.0,0.0,0.0
321,pedrovgs/EffectiveAndroidUI,https://github.com/pedrovgs/EffectiveAndroidUI,6061,0,7,0.0,0.0,0.0,0.0
322,SonarSource/sonarqube,https://github.com/SonarSource/sonarqube,6047,11,10,0.0,0.0,0.0,0.0
323,NanoHttpd/nanohttpd,https://github.com/NanoHttpd/nanohttpd,6038,3,9,0.0,0.0,0.0,0.0
324,google/physical-web,https://github.com/google/physical-web,6037,17,6,0.0,0.0,0.0,0.0
325,TechEmpower/FrameworkBenchmarks,https://github.com/TechEmpower/FrameworkBenchmarks,6015,15,8,0.0,0.0,0.0,0.0
326,processing/processing,https://github.com/processing/processing,5981,48,8,0.0,0.0,0.0,0.0
327,NLPchina/ansj_seg,https://github.com/NLPchina/ansj_seg,5976,3,9,0.0,0.0,0.0,0.0
328,dromara/Sa-Token,https://github.com/dromara/Sa-Token,5966,20,1,0.0,0.0,0.0,0.0
329,smuyyh/BookReader,https://github.com/smuyyh/BookReader,5963,0,5,0.0,0.0,0.0,0.0
330,antoniolg/androidmvp,https://github.com/antoniolg/androidmvp,5956,0,7,0.0,0.0,0.0,0.0
331,singwhatiwanna/dynamic-load-apk,https://github.com/singwhatiwanna/dynamic-load-apk,5946,0,7,0.0,0.0,0.0,0.0
332,daimajia/NumberProgressBar,https://github.com/daimajia/NumberProgressBar,5937,3,7,0.0,0.0,0.0,0.0
333,zouzg/mybatis-generator-gui,https://github.com/zouzg/mybatis-generator-gui,5932,16,5,0.0,0.0,0.0,0.0
334,aa112901/remusic,https://github.com/aa112901/remusic,5913,0,5,0.0,0.0,0.0,0.0
335,wyouflf/xUtils3,https://github.com/wyouflf/xUtils3,5900,9,5,0.0,0.0,0.0,0.0
336,li-xiaojun/XPopup,https://github.com/li-xiaojun/XPopup,5896,155,2,0.0,0.0,0.0,0.0
337,ArthurHub/Android-Image-Cropper,https://github.com/ArthurHub/Android-Image-Cropper,5879,32,6,0.0,0.0,0.0,0.0
338,Graylog2/graylog2-server,https://github.com/Graylog2/graylog2-server,5836,28,11,0.0,0.0,0.0,0.0
339,react-native-video/react-native-video,https://github.com/react-native-video/react-native-video,5826,5,6,0.0,0.0,0.0,0.0
340,google/j2objc,https://github.com/google/j2objc,5818,39,7,0.0,0.0,0.0,0.0
341,kekingcn/kkFileView,https://github.com/kekingcn/kkFileView,5811,10,3,0.0,0.0,0.0,0.0
342,AsyncHttpClient/async-http-client,https://github.com/AsyncHttpClient/async-http-client,5809,0,10,0.0,0.0,0.0,0.0
343,springside/springside4,https://github.com/springside/springside4,5806,3,9,0.0,0.0,0.0,0.0
344,cryptomator/cryptomator,https://github.com/cryptomator/cryptomator,5750,108,7,0.0,0.0,0.0,0.0
345,ityouknow/spring-cloud-examples,https://github.com/ityouknow/spring-cloud-examples,5747,0,4,0.0,0.0,0.0,0.0
346,JakeWharton/u2020,https://github.com/JakeWharton/u2020,5734,0,7,0.0,0.0,0.0,0.0
347,Nightonke/BoomMenu,https://github.com/Nightonke/BoomMenu,5729,0,5,0.0,0.0,0.0,0.0
348,prolificinteractive/material-calendarview,https://github.com/prolificinteractive/material-calendarview,5718,22,6,0.0,0.0,0.0,0.0
349,weibocom/motan,https://github.com/weibocom/motan,5714,16,5,0.0,0.0,0.0,0.0
350,Devlight/InfiniteCycleViewPager,https://github.com/Devlight/InfiniteCycleViewPager,5696,2,5,0.0,0.0,0.0,0.0
351,google/error-prone,https://github.com/google/error-prone,5683,15,7,0.0,0.0,0.0,0.0
352,real-logic/aeron,https://github.com/real-logic/aeron,5668,76,7,0.0,0.0,0.0,0.0
353,daimajia/AndroidImageSlider,https://github.com/daimajia/AndroidImageSlider,5643,5,7,0.0,0.0,0.0,0.0
354,nhaarman/ListViewAnimations,https://github.com/nhaarman/ListViewAnimations,5642,14,8,0.0,0.0,0.0,0.0
355,sohutv/cachecloud,https://github.com/sohutv/cachecloud,5636,5,5,0.0,0.0,0.0,0.0
356,JakeWharton/DiskLruCache,https://github.com/JakeWharton/DiskLruCache,5619,0,9,0.0,0.0,0.0,0.0
357,Tencent/Shadow,https://github.com/Tencent/Shadow,5616,2,2,0.0,0.0,0.0,0.0
358,react-native-svg/react-native-svg,https://github.com/react-native-svg/react-native-svg,5610,75,5,0.0,0.0,0.0,0.0
359,wasabeef/richeditor-android,https://github.com/wasabeef/richeditor-android,5609,0,6,0.0,0.0,0.0,0.0
360,sshahine/JFoenix,https://github.com/sshahine/JFoenix,5600,0,5,0.0,0.0,0.0,0.0
361,ximsfei/Android-skin-support,https://github.com/ximsfei/Android-skin-support,5572,0,4,0.0,0.0,0.0,0.0
362,apache/tomcat,https://github.com/apache/tomcat,5568,0,9,0.0,0.0,0.0,0.0
363,febsteam/FEBS-Shiro,https://github.com/febsteam/FEBS-Shiro,5562,0,3,0.0,0.0,0.0,0.0
364,amlcurran/ShowcaseView,https://github.com/amlcurran/ShowcaseView,5561,13,9,0.0,0.0,0.0,0.0
365,lets-blade/blade,https://github.com/lets-blade/blade,5548,9,6,0.0,0.0,0.0,0.0
366,joelittlejohn/jsonschema2pojo,https://github.com/joelittlejohn/jsonschema2pojo,5546,58,8,0.0,0.0,0.0,0.0
367,hongyangAndroid/FlowLayout,https://github.com/hongyangAndroid/FlowLayout,5524,0,6,0.0,0.0,0.0,0.0
368,dmytrodanylyk/circular-progress-button,https://github.com/dmytrodanylyk/circular-progress-button,5517,0,7,0.0,0.0,0.0,0.0
369,emilsjolander/StickyListHeaders,https://github.com/emilsjolander/StickyListHeaders,5515,16,9,0.0,0.0,0.0,0.0
370,apache/jmeter,https://github.com/apache/jmeter,5506,0,11,0.0,0.0,0.0,0.0
371,yarolegovich/DiscreteScrollView,https://github.com/yarolegovich/DiscreteScrollView,5501,2,4,0.0,0.0,0.0,0.0
372,rabbitmq/rabbitmq-tutorials,https://github.com/rabbitmq/rabbitmq-tutorials,5498,0,10,0.0,0.0,0.0,0.0
373,k0shk0sh/FastHub,https://github.com/k0shk0sh/FastHub,5495,63,4,0.0,0.0,0.0,0.0
374,rest-assured/rest-assured,https://github.com/rest-assured/rest-assured,5494,0,10,0.0,0.0,0.0,0.0
375,liyifeng1994/ssm,https://github.com/liyifeng1994/ssm,5494,0,5,0.0,0.0,0.0,0.0
376,alibaba/COLA,https://github.com/alibaba/COLA,5478,3,3,0.0,0.0,0.0,0.0
377,metersphere/metersphere,https://github.com/metersphere/metersphere,5477,95,1,0.0,0.0,0.0,0.0
378,knightliao/disconf,https://github.com/knightliao/disconf,5473,12,7,0.0,0.0,0.0,0.0
379,alibaba/freeline,https://github.com/alibaba/freeline,5473,22,5,0.0,0.0,0.0,0.0
380,facebookarchive/rebound,https://github.com/facebookarchive/rebound,5472,10,7,0.0,0.0,0.0,0.0
381,jpush/aurora-imui,https://github.com/jpush/aurora-imui,5470,42,4,0.0,0.0,0.0,0.0
382,sockeqwe/mosby,https://github.com/sockeqwe/mosby,5457,15,6,0.0,0.0,0.0,0.0
383,mrniko/netty-socketio,https://github.com/mrniko/netty-socketio,5444,3,9,0.0,0.0,0.0,0.0
384,dm77/barcodescanner,https://github.com/dm77/barcodescanner,5409,6,7,0.0,0.0,0.0,0.0
385,jgilfelt/SystemBarTint,https://github.com/jgilfelt/SystemBarTint,5402,3,7,0.0,0.0,0.0,0.0
386,apache/zeppelin,https://github.com/apache/zeppelin,5388,0,6,0.0,0.0,0.0,0.0
387,evant/gradle-retrolambda,https://github.com/evant/gradle-retrolambda,5383,37,8,0.0,0.0,0.0,0.0
388,evernote/android-job,https://github.com/evernote/android-job,5376,31,6,0.0,0.0,0.0,0.0
389,lightbend/config,https://github.com/lightbend/config,5375,0,9,0.0,0.0,0.0,0.0
390,wxiaoqi/Spring-Cloud-Platform,https://github.com/wxiaoqi/Spring-Cloud-Platform,5343,3,4,0.0,0.0,0.0,0.0
391,haifengl/smile,https://github.com/haifengl/smile,5336,22,6,0.0,0.0,0.0,0.0
392,bytedeco/javacv,https://github.com/bytedeco/javacv,5324,7,7,0.0,0.0,0.0,0.0
393,springfox/springfox,https://github.com/springfox/springfox,5323,12,9,0.0,0.0,0.0,0.0
394,languagetool-org/languagetool,https://github.com/languagetool-org/languagetool,5320,0,8,0.0,0.0,0.0,0.0
395,robolectric/robolectric,https://github.com/robolectric/robolectric,5314,75,11,0.0,0.0,0.0,0.0
396,google/grafika,https://github.com/google/grafika,5309,1,7,0.0,0.0,0.0,0.0
397,debezium/debezium,https://github.com/debezium/debezium,5305,0,5,0.0,0.0,0.0,0.0
398,amitshekhariitbhu/Fast-Android-Networking,https://github.com/amitshekhariitbhu/Fast-Android-Networking,5292,8,5,0.0,0.0,0.0,0.0
399,lucasr/twoway-view,https://github.com/lucasr/twoway-view,5272,0,8,0.0,0.0,0.0,0.0
400,XRecyclerView/XRecyclerView,https://github.com/XRecyclerView/XRecyclerView,5262,0,5,0.0,0.0,0.0,0.0
401,hanks-zyh/HTextView,https://github.com/hanks-zyh/HTextView,5256,0,5,0.0,0.0,0.0,0.0
402,MindorksOpenSource/from-java-to-kotlin,https://github.com/MindorksOpenSource/from-java-to-kotlin,5248,0,4,0.0,0.0,0.0,0.0
403,yixia/VitamioBundle,https://github.com/yixia/VitamioBundle,5233,0,8,0.0,0.0,0.0,0.0
404,commonsguy/cw-omnibus,https://github.com/commonsguy/cw-omnibus,5226,36,9,0.0,0.0,0.0,0.0
405,Alluxio/alluxio,https://github.com/Alluxio/alluxio,5217,48,8,0.0,0.0,0.0,0.0
406,scribejava/scribejava,https://github.com/scribejava/scribejava,5207,7,11,0.0,0.0,0.0,0.0
407,square/otto,https://github.com/square/otto,5207,0,9,0.0,0.0,0.0,0.0
408,testcontainers/testcontainers-java,https://github.com/testcontainers/testcontainers-java,5205,51,6,0.0,0.0,0.0,0.0
409,h2pl/Java-Tutorial,https://github.com/h2pl/Java-Tutorial,5204,0,3,0.0,0.0,0.0,0.0
410,pentaho/pentaho-kettle,https://github.com/pentaho/pentaho-kettle,5196,1,7,0.0,0.0,0.0,0.0
411,changmingxie/tcc-transaction,https://github.com/changmingxie/tcc-transaction,5196,1,5,0.0,0.0,0.0,0.0
412,Clans/FloatingActionButton,https://github.com/Clans/FloatingActionButton,5189,14,6,0.0,0.0,0.0,0.0
413,apache/incubator-shenyu,https://github.com/apache/incubator-shenyu,5180,3,3,0.0,0.0,0.0,0.0
414,apache/dubbo-spring-boot-project,https://github.com/apache/dubbo-spring-boot-project,5178,13,3,0.0,0.0,0.0,0.0
415,Yalantis/Side-Menu.Android,https://github.com/Yalantis/Side-Menu.Android,5167,2,6,0.0,0.0,0.0,0.0
416,graphql-java/graphql-java,https://github.com/graphql-java/graphql-java,5166,38,6,0.0,0.0,0.0,0.0
417,gzu-liyujiang/AndroidPicker,https://github.com/gzu-liyujiang/AndroidPicker,5166,39,5,0.0,0.0,0.0,0.0
418,intuit/karate,https://github.com/intuit/karate,5147,43,4,0.0,0.0,0.0,0.0
419,motianhuo/wechat,https://github.com/motianhuo/wechat,5138,0,6,0.0,0.0,0.0,0.0
420,h6ah4i/android-advancedrecyclerview,https://github.com/h6ah4i/android-advancedrecyclerview,5138,1,6,0.0,0.0,0.0,0.0
421,thinkaurelius/titan,https://github.com/thinkaurelius/titan,5137,0,9,0.0,0.0,0.0,0.0
422,527515025/springBoot,https://github.com/527515025/springBoot,5132,0,4,0.0,0.0,0.0,0.0
423,yanzhenjie/SwipeRecyclerView,https://github.com/yanzhenjie/SwipeRecyclerView,5121,0,5,0.0,0.0,0.0,0.0
424,wuhaoyu1990/MagicCamera,https://github.com/wuhaoyu1990/MagicCamera,5103,0,5,0.0,0.0,0.0,0.0
425,xxv/android-lifecycle,https://github.com/xxv/android-lifecycle,5096,0,7,0.0,0.0,0.0,0.0
426,CameraKit/camerakit-android,https://github.com/CameraKit/camerakit-android,5096,17,4,0.0,0.0,0.0,0.0
427,JesusFreke/smali,https://github.com/JesusFreke/smali,5089,1,8,0.0,0.0,0.0,0.0
428,KeepSafe/TapTargetView,https://github.com/KeepSafe/TapTargetView,5069,23,4,0.0,0.0,0.0,0.0
429,spring-projects/spring-petclinic,https://github.com/spring-projects/spring-petclinic,5060,0,8,0.0,0.0,0.0,0.0
430,Vedenin/useful-java-links,https://github.com/Vedenin/useful-java-links,5058,0,5,0.0,0.0,0.0,0.0
431,frogermcs/InstaMaterial,https://github.com/frogermcs/InstaMaterial,5044,1,6,0.0,0.0,0.0,0.0
432,Karumi/Dexter,https://github.com/Karumi/Dexter,5033,33,5,0.0,0.0,0.0,0.0
433,alibaba/UltraViewPager,https://github.com/alibaba/UltraViewPager,5023,10,4,0.0,0.0,0.0,0.0
434,micronaut-projects/micronaut-core,https://github.com/micronaut-projects/micronaut-core,5020,96,3,0.0,0.0,0.0,0.0
435,wasabeef/Blurry,https://github.com/wasabeef/Blurry,5001,0,6,0.0,0.0,0.0,0.0
436,wequick/Small,https://github.com/wequick/Small,4995,25,5,0.0,0.0,0.0,0.0
437,Trinea/android-common,https://github.com/Trinea/android-common,4991,1,9,0.0,0.0,0.0,0.0
438,twowaits/SDE-Interview-Questions,https://github.com/twowaits/SDE-Interview-Questions,4983,1,3,0.0,0.0,0.0,0.0
439,careercup/ctci,https://github.com/careercup/ctci,4983,0,8,0.0,0.0,0.0,0.0
440,apache/beam,https://github.com/apache/beam,4973,14,5,0.0,0.0,0.0,0.0
441,traex/RippleEffect,https://github.com/traex/RippleEffect,4964,0,6,0.0,0.0,0.0,0.0
442,TommyLemon/Android-ZBLibrary,https://github.com/TommyLemon/Android-ZBLibrary,4946,25,6,0.0,0.0,0.0,0.0
443,crazycodeboy/react-native-splash-screen,https://github.com/crazycodeboy/react-native-splash-screen,4944,11,4,0.0,0.0,0.0,0.0
444,spring-projects/spring-mvc-showcase,https://github.com/spring-projects/spring-mvc-showcase,4943,0,10,0.0,0.0,0.0,0.0
445,amitshekhariitbhu/RxJava2-Android-Samples,https://github.com/amitshekhariitbhu/RxJava2-Android-Samples,4940,0,5,0.0,0.0,0.0,0.0
446,YunaiV/onemall,https://github.com/YunaiV/onemall,4932,0,2,0.0,0.0,0.0,0.0
447,orhanobut/dialogplus,https://github.com/orhanobut/dialogplus,4928,9,6,0.0,0.0,0.0,0.0
448,MinecraftForge/MinecraftForge,https://github.com/MinecraftForge/MinecraftForge,4900,0,9,0.0,0.0,0.0,0.0
449,Devlight/NavigationTabBar,https://github.com/Devlight/NavigationTabBar,4891,13,5,0.0,0.0,0.0,0.0
450,journeyapps/zxing-android-embedded,https://github.com/journeyapps/zxing-android-embedded,4882,6,8,0.0,0.0,0.0,0.0
451,yipianfengye/android-zxingLibrary,https://github.com/yipianfengye/android-zxingLibrary,4875,0,5,0.0,0.0,0.0,0.0
452,Meituan-Dianping/Leaf,https://github.com/Meituan-Dianping/Leaf,4857,0,2,0.0,0.0,0.0,0.0
453,Ramotion/folding-cell-android,https://github.com/Ramotion/folding-cell-android,4845,0,5,0.0,0.0,0.0,0.0
454,andkulikov/Transitions-Everywhere,https://github.com/andkulikov/Transitions-Everywhere,4839,23,6,0.0,0.0,0.0,0.0
455,claritylab/lucida,https://github.com/claritylab/lucida,4836,0,7,0.0,0.0,0.0,0.0
456,ZXZxin/ZXBlog,https://github.com/ZXZxin/ZXBlog,4808,0,2,0.0,0.0,0.0,0.0
457,etsy/AndroidStaggeredGrid,https://github.com/etsy/AndroidStaggeredGrid,4790,7,7,0.0,0.0,0.0,0.0
458,rubensousa/GravitySnapHelper,https://github.com/rubensousa/GravitySnapHelper,4784,14,5,0.0,0.0,0.0,0.0
459,mybatis/generator,https://github.com/mybatis/generator,4771,9,8,0.0,0.0,0.0,0.0
460,junit-team/junit5,https://github.com/junit-team/junit5,4759,51,6,0.0,0.0,0.0,0.0
461,socketio/socket.io-client-java,https://github.com/socketio/socket.io-client-java,4755,3,8,0.0,0.0,0.0,0.0
462,danikula/AndroidVideoCache,https://github.com/danikula/AndroidVideoCache,4747,20,6,0.0,0.0,0.0,0.0
463,saiwu-bigkoo/Android-ConvenientBanner,https://github.com/saiwu-bigkoo/Android-ConvenientBanner,4738,0,6,0.0,0.0,0.0,0.0
464,btraceio/btrace,https://github.com/btraceio/btrace,4737,27,7,0.0,0.0,0.0,0.0
465,google/cameraview,https://github.com/google/cameraview,4731,0,5,0.0,0.0,0.0,0.0
466,pardom-zz/ActiveAndroid,https://github.com/pardom-zz/ActiveAndroid,4725,0,8,0.0,0.0,0.0,0.0
467,gabrielemariotti/cardslib,https://github.com/gabrielemariotti/cardslib,4725,27,7,0.0,0.0,0.0,0.0
468,mcxiaoke/packer-ng-plugin,https://github.com/mcxiaoke/packer-ng-plugin,4724,1,5,0.0,0.0,0.0,0.0
469,hibernate/hibernate-orm,https://github.com/hibernate/hibernate-orm,4723,16,10,0.0,0.0,0.0,0.0
470,gyoogle/tech-interview-for-developer,https://github.com/gyoogle/tech-interview-for-developer,4697,0,2,0.0,0.0,0.0,0.0
471,DingMouRen/LayoutManagerGroup,https://github.com/DingMouRen/LayoutManagerGroup,4696,0,3,0.0,0.0,0.0,0.0
472,facebook/shimmer-android,https://github.com/facebook/shimmer-android,4692,5,6,0.0,0.0,0.0,0.0
473,JodaOrg/joda-time,https://github.com/JodaOrg/joda-time,4684,32,10,0.0,0.0,0.0,0.0
474,ffay/lanproxy,https://github.com/ffay/lanproxy,4657,1,4,0.0,0.0,0.0,0.0
475,square/sqlbrite,https://github.com/square/sqlbrite,4652,9,6,0.0,0.0,0.0,0.0
476,hongyangAndroid/baseAdapter,https://github.com/hongyangAndroid/baseAdapter,4632,0,6,0.0,0.0,0.0,0.0
477,AriaLyy/Aria,https://github.com/AriaLyy/Aria,4621,26,5,0.0,0.0,0.0,0.0
478,google/google-authenticator,https://github.com/google/google-authenticator,4614,0,6,0.0,0.0,0.0,0.0
479,wdullaer/MaterialDateTimePicker,https://github.com/wdullaer/MaterialDateTimePicker,4611,54,6,0.0,0.0,0.0,0.0
480,quartz-scheduler/quartz,https://github.com/quartz-scheduler/quartz,4595,2,5,0.0,0.0,0.0,0.0
481,go-lang-plugin-org/go-lang-idea-plugin,https://github.com/go-lang-plugin-org/go-lang-idea-plugin,4589,21,11,0.0,0.0,0.0,0.0
482,danielzeller/Depth-LIB-Android-,https://github.com/danielzeller/Depth-LIB-Android-,4584,0,5,0.0,0.0,0.0,0.0
483,tomakehurst/wiremock,https://github.com/tomakehurst/wiremock,4579,4,9,0.0,0.0,0.0,0.0
484,chentao0707/SimplifyReader,https://github.com/chentao0707/SimplifyReader,4576,0,6,0.0,0.0,0.0,0.0
485,questdb/questdb,https://github.com/questdb/questdb,4562,36,7,0.0,0.0,0.0,0.0
486,SplashCodes/JAViewer,https://github.com/SplashCodes/JAViewer,4560,10,5,0.0,0.0,0.0,0.0
487,jOOQ/jOOQ,https://github.com/jOOQ/jOOQ,4539,0,10,0.0,0.0,0.0,0.0
488,youlookwhat/CloudReader,https://github.com/youlookwhat/CloudReader,4537,23,4,0.0,0.0,0.0,0.0
489,huangyanbin/smartTable,https://github.com/huangyanbin/smartTable,4535,44,3,0.0,0.0,0.0,0.0
490,JakeWharton/NineOldAndroids,https://github.com/JakeWharton/NineOldAndroids,4528,0,9,0.0,0.0,0.0,0.0
491,alibaba/jvm-sandbox,https://github.com/alibaba/jvm-sandbox,4526,12,4,0.0,0.0,0.0,0.0
492,PaperMC/Paper,https://github.com/PaperMC/Paper,4520,1,5,0.0,0.0,0.0,0.0
493,Flipboard/bottomsheet,https://github.com/Flipboard/bottomsheet,4514,10,6,0.0,0.0,0.0,0.0
494,Nepxion/Discovery,https://github.com/Nepxion/Discovery,4506,108,3,0.0,0.0,0.0,0.0
495,hazelcast/hazelcast,https://github.com/hazelcast/hazelcast,4506,52,9,0.0,0.0,0.0,0.0
496,jdamcd/android-crop,https://github.com/jdamcd/android-crop,4506,6,7,0.0,0.0,0.0,0.0
497,kyleduo/SwitchButton,https://github.com/kyleduo/SwitchButton,4503,0,6,0.0,0.0,0.0,0.0
498,raphw/byte-buddy,https://github.com/raphw/byte-buddy,4498,230,7,0.0,0.0,0.0,0.0
499,razerdp/BasePopup,https://github.com/razerdp/BasePopup,4498,15,5,0.0,0.0,0.0,0.0
500,avast/android-butterknife-zelezny,https://github.com/avast/android-butterknife-zelezny,3434,8,7,0.0,0.0,0.0,0.0
501,M66B/NetGuard,https://github.com/M66B/NetGuard,3416,130,5,0.0,0.0,0.0,0.0
502,Ereza/CustomActivityOnCrash,https://github.com/Ereza/CustomActivityOnCrash,3416,11,7,0.0,0.0,0.0,0.0
503,sofastack/sofa-rpc,https://github.com/sofastack/sofa-rpc,3409,39,3,0.0,0.0,0.0,0.0
504,yigit/android-priority-jobqueue,https://github.com/yigit/android-priority-jobqueue,3408,0,7,0.0,0.0,0.0,0.0
505,code4craft/tiny-spring,https://github.com/code4craft/tiny-spring,3404,0,7,0.0,0.0,0.0,0.0
506,mpusher/mpush,https://github.com/mpusher/mpush,3401,9,5,0.0,0.0,0.0,0.0
507,google/rejoiner,https://github.com/google/rejoiner,3400,3,3,0.0,0.0,0.0,0.0
508,crossoverJie/SSM,https://github.com/crossoverJie/SSM,3379,10,5,0.0,0.0,0.0,0.0
509,ivacf/archi,https://github.com/ivacf/archi,3373,0,5,0.0,0.0,0.0,0.0
510,linyiqun/DataMiningAlgorithm,https://github.com/linyiqun/DataMiningAlgorithm,3372,0,6,0.0,0.0,0.0,0.0
511,oracle/opengrok,https://github.com/oracle/opengrok,3366,184,8,0.0,0.0,0.0,0.0
512,Exrick/xboot,https://github.com/Exrick/xboot,3365,6,3,0.0,0.0,0.0,0.0
513,LWJGL/lwjgl3,https://github.com/LWJGL/lwjgl3,3348,14,8,0.0,0.0,0.0,0.0
514,mock-server/mockserver,https://github.com/mock-server/mockserver,3346,0,8,0.0,0.0,0.0,0.0
515,runelite/runelite,https://github.com/runelite/runelite,3345,0,5,0.0,0.0,0.0,0.0
516,mcxtzhang/SwipeDelMenuLayout,https://github.com/mcxtzhang/SwipeDelMenuLayout,3337,2,5,0.0,0.0,0.0,0.0
517,alamkanak/Android-Week-View,https://github.com/alamkanak/Android-Week-View,3327,4,6,0.0,0.0,0.0,0.0
518,actorapp/actor-platform,https://github.com/actorapp/actor-platform,3314,97,6,0.0,0.0,0.0,0.0
519,ethanhua/Skeleton,https://github.com/ethanhua/Skeleton,3313,0,4,0.0,0.0,0.0,0.0
520,graphhopper/graphhopper,https://github.com/graphhopper/graphhopper,3309,33,9,0.0,0.0,0.0,0.0
521,abel533/MyBatis-Spring-Boot,https://github.com/abel533/MyBatis-Spring-Boot,3307,0,5,0.0,0.0,0.0,0.0
522,j-easy/easy-rules,https://github.com/j-easy/easy-rules,3301,10,8,0.0,0.0,0.0,0.0
523,shekhargulati/99-problems,https://github.com/shekhargulati/99-problems,3300,0,5,0.0,0.0,0.0,0.0
524,googlemaps/android-maps-utils,https://github.com/googlemaps/android-maps-utils,3296,22,8,0.0,0.0,0.0,0.0
525,stylefeng/Guns,https://github.com/stylefeng/Guns,3296,0,4,0.0,0.0,0.0,0.0
526,jeremylong/DependencyCheck,https://github.com/jeremylong/DependencyCheck,3295,19,9,0.0,0.0,0.0,0.0
527,web3j/web3j,https://github.com/web3j/web3j,3294,90,5,0.0,0.0,0.0,0.0
528,knowm/XChange,https://github.com/knowm/XChange,3290,0,9,0.0,0.0,0.0,0.0
529,GitLqr/LQRWeChat,https://github.com/GitLqr/LQRWeChat,3284,0,4,0.0,0.0,0.0,0.0
530,jboss-javassist/javassist,https://github.com/jboss-javassist/javassist,3272,18,8,0.0,0.0,0.0,0.0
531,code4craft/netty-learning,https://github.com/code4craft/netty-learning,3266,0,7,0.0,0.0,0.0,0.0
532,sherxon/AlgoDS,https://github.com/sherxon/AlgoDS,3264,0,4,0.0,0.0,0.0,0.0
533,luojilab/DDComponentForAndroid,https://github.com/luojilab/DDComponentForAndroid,3257,4,3,0.0,0.0,0.0,0.0
534,rubensousa/PreviewSeekBar,https://github.com/rubensousa/PreviewSeekBar,3256,7,4,0.0,0.0,0.0,0.0
535,linkedin/databus,https://github.com/linkedin/databus,3256,0,8,0.0,0.0,0.0,0.0
536,networknt/light-4j,https://github.com/networknt/light-4j,3254,140,4,0.0,0.0,0.0,0.0
537,saysky/ForestBlog,https://github.com/saysky/ForestBlog,3254,0,3,0.0,0.0,0.0,0.0
538,tangqi92/Android-Tips,https://github.com/tangqi92/Android-Tips,3244,0,5,0.0,0.0,0.0,0.0
539,kevinsawicki/http-request,https://github.com/kevinsawicki/http-request,3230,0,9,0.0,0.0,0.0,0.0
540,ittianyu/BottomNavigationViewEx,https://github.com/ittianyu/BottomNavigationViewEx,3221,19,4,0.0,0.0,0.0,0.0
541,hmkcode/Android,https://github.com/hmkcode/Android,3219,0,8,0.0,0.0,0.0,0.0
542,java-aodeng/hope-boot,https://github.com/java-aodeng/hope-boot,3216,2,2,0.0,0.0,0.0,0.0
543,bilibili/boxing,https://github.com/bilibili/boxing,3210,1,4,0.0,0.0,0.0,0.0
544,chrisbanes/ActionBar-PullToRefresh,https://github.com/chrisbanes/ActionBar-PullToRefresh,3199,0,8,0.0,0.0,0.0,0.0
545,JSQLParser/JSqlParser,https://github.com/JSQLParser/JSqlParser,3189,25,10,0.0,0.0,0.0,0.0
546,yangfuhai/afinal,https://github.com/yangfuhai/afinal,3188,0,8,0.0,0.0,0.0,0.0
547,traccar/traccar,https://github.com/traccar/traccar,3181,34,9,0.0,0.0,0.0,0.0
548,daimajia/AndroidViewHover,https://github.com/daimajia/AndroidViewHover,3180,4,7,0.0,0.0,0.0,0.0
549,mik3y/usb-serial-for-android,https://github.com/mik3y/usb-serial-for-android,3178,19,8,0.0,0.0,0.0,0.0
550,uber/AutoDispose,https://github.com/uber/AutoDispose,3173,1,4,0.0,0.0,0.0,0.0
551,pengjianbo/GalleryFinal,https://github.com/pengjianbo/GalleryFinal,3172,4,5,0.0,0.0,0.0,0.0
552,crate/crate,https://github.com/crate/crate,3171,31,8,0.0,0.0,0.0,0.0
553,zzz40500/GsonFormat,https://github.com/zzz40500/GsonFormat,3170,4,6,0.0,0.0,0.0,0.0
554,dataease/dataease,https://github.com/dataease/dataease,3162,11,0,0.0,0.0,0.0,0.0
555,spring-cloud/spring-cloud-gateway,https://github.com/spring-cloud/spring-cloud-gateway,3161,0,4,0.0,0.0,0.0,0.0
556,MovingBlocks/Terasology,https://github.com/MovingBlocks/Terasology,3157,62,10,0.0,0.0,0.0,0.0
557,vert-x3/vertx-examples,https://github.com/vert-x3/vertx-examples,3148,0,6,0.0,0.0,0.0,0.0
558,andOTP/andOTP,https://github.com/andOTP/andOTP,3141,38,4,0.0,0.0,0.0,0.0
559,androidx/androidx,https://github.com/androidx/androidx,3140,0,1,0.0,0.0,0.0,0.0
560,facebookarchive/network-connection-class,https://github.com/facebookarchive/network-connection-class,3138,2,6,0.0,0.0,0.0,0.0
561,fyhertz/libstreaming,https://github.com/fyhertz/libstreaming,3131,0,8,0.0,0.0,0.0,0.0
562,huanghongxun/HMCL,https://github.com/huanghongxun/HMCL,3129,165,6,0.0,0.0,0.0,0.0
563,airbnb/native-navigation,https://github.com/airbnb/native-navigation,3124,0,4,0.0,0.0,0.0,0.0
564,eishay/jvm-serializers,https://github.com/eishay/jvm-serializers,3124,0,11,0.0,0.0,0.0,0.0
565,chenBingX/SuperTextView,https://github.com/chenBingX/SuperTextView,3123,30,4,0.0,0.0,0.0,0.0
566,remkop/picocli,https://github.com/remkop/picocli,3122,76,4,0.0,0.0,0.0,0.0
567,RedSpider1/concurrent,https://github.com/RedSpider1/concurrent,3120,0,2,0.0,0.0,0.0,0.0
568,nicolasgramlich/AndEngine,https://github.com/nicolasgramlich/AndEngine,3104,0,9,0.0,0.0,0.0,0.0
569,BelooS/ChipsLayoutManager,https://github.com/BelooS/ChipsLayoutManager,3102,11,5,0.0,0.0,0.0,0.0
570,Skykai521/StickerCamera,https://github.com/Skykai521/StickerCamera,3096,0,6,0.0,0.0,0.0,0.0
571,alibaba/cobar,https://github.com/alibaba/cobar,3095,1,7,0.0,0.0,0.0,0.0
572,yipianfengye/android-adDialog,https://github.com/yipianfengye/android-adDialog,3093,0,5,0.0,0.0,0.0,0.0
573,liujingxing/rxhttp,https://github.com/liujingxing/rxhttp,3074,18,2,0.0,0.0,0.0,0.0
574,JavaNoober/BackgroundLibrary,https://github.com/JavaNoober/BackgroundLibrary,3072,9,2,0.0,0.0,0.0,0.0
575,gabrielemariotti/RecyclerViewItemAnimators,https://github.com/gabrielemariotti/RecyclerViewItemAnimators,3070,0,7,0.0,0.0,0.0,0.0
576,WritingMinds/ffmpeg-android-java,https://github.com/WritingMinds/ffmpeg-android-java,3062,8,6,0.0,0.0,0.0,0.0
577,zwwill/yanxuan-weex-demo,https://github.com/zwwill/yanxuan-weex-demo,3056,0,4,0.0,0.0,0.0,0.0
578,keyboardsurfer/Crouton,https://github.com/keyboardsurfer/Crouton,3052,8,9,0.0,0.0,0.0,0.0
579,JeremyLiao/LiveEventBus,https://github.com/JeremyLiao/LiveEventBus,3051,0,3,0.0,0.0,0.0,0.0
580,jgilfelt/android-viewbadger,https://github.com/jgilfelt/android-viewbadger,3037,0,9,0.0,0.0,0.0,0.0
581,undertow-io/undertow,https://github.com/undertow-io/undertow,3025,0,9,0.0,0.0,0.0,0.0
582,apache/incubator-doris,https://github.com/apache/incubator-doris,3022,8,4,0.0,0.0,0.0,0.0
583,micrometer-metrics/micrometer,https://github.com/micrometer-metrics/micrometer,3022,117,4,0.0,0.0,0.0,0.0
584,alibaba/jetcache,https://github.com/alibaba/jetcache,3021,47,4,0.0,0.0,0.0,0.0
585,crazyandcoder/citypicker,https://github.com/crazyandcoder/citypicker,3015,4,5,0.0,0.0,0.0,0.0
586,anggrayudi/android-hidden-api,https://github.com/anggrayudi/android-hidden-api,3013,1,5,0.0,0.0,0.0,0.0
587,zhou-you/RxEasyHttp,https://github.com/zhou-you/RxEasyHttp,3011,0,4,0.0,0.0,0.0,0.0
588,pedrovgs/DraggablePanel,https://github.com/pedrovgs/DraggablePanel,3009,10,7,0.0,0.0,0.0,0.0
589,xmuSistone/ViewpagerTransition,https://github.com/xmuSistone/ViewpagerTransition,3008,1,4,0.0,0.0,0.0,0.0
590,facebookarchive/react-native-fbsdk,https://github.com/facebookarchive/react-native-fbsdk,3002,22,6,0.0,0.0,0.0,0.0
591,lovetuzitong/MultiImageSelector,https://github.com/lovetuzitong/MultiImageSelector,3001,2,6,0.0,0.0,0.0,0.0
592,KingJA/LoadSir,https://github.com/KingJA/LoadSir,2996,6,4,0.0,0.0,0.0,0.0
593,fishercoder1534/Leetcode,https://github.com/fishercoder1534/Leetcode,2996,0,5,0.0,0.0,0.0,0.0
594,dmytrodanylyk/android-process-button,https://github.com/dmytrodanylyk/android-process-button,2994,1,7,0.0,0.0,0.0,0.0
595,stephanenicolas/robospice,https://github.com/stephanenicolas/robospice,2992,1,8,0.0,0.0,0.0,0.0
596,Polidea/RxAndroidBle,https://github.com/Polidea/RxAndroidBle,2979,45,5,0.0,0.0,0.0,0.0
597,spockframework/spock,https://github.com/spockframework/spock,2978,12,10,0.0,0.0,0.0,0.0
598,burhanrashid52/PhotoEditor,https://github.com/burhanrashid52/PhotoEditor,2973,13,3,0.0,0.0,0.0,0.0
599,PowerJob/PowerJob,https://github.com/PowerJob/PowerJob,2971,32,1,0.0,0.0,0.0,0.0
600,vikramkakkar/ImageTransition,https://github.com/vikramkakkar/ImageTransition,630,0,4,0.0,0.0,0.0,0.0
601,strazzere/anti-emulator,https://github.com/strazzere/anti-emulator,630,0,8,0.0,0.0,0.0,0.0
602,ysnows/DoubleScrollVIew,https://github.com/ysnows/DoubleScrollVIew,629,0,6,0.0,0.0,0.0,0.0
603,klinker41/android-chips,https://github.com/klinker41/android-chips,629,2,7,0.0,0.0,0.0,0.0
604,ImmortalZ/RadarScan,https://github.com/ImmortalZ/RadarScan,629,0,5,0.0,0.0,0.0,0.0
605,infinum/Android-Goldfinger,https://github.com/infinum/Android-Goldfinger,629,8,3,0.0,0.0,0.0,0.0
606,pinterest/DoctorK,https://github.com/pinterest/DoctorK,628,8,4,0.0,0.0,0.0,0.0
607,Jude95/Beam,https://github.com/Jude95/Beam,624,0,6,0.0,0.0,0.0,0.0
608,xingag/app_spider,https://github.com/xingag/app_spider,624,0,2,0.0,0.0,0.0,0.0
609,apache/fineract,https://github.com/apache/fineract,622,3,5,0.0,0.0,0.0,0.0
610,pengwei1024/JsBridge,https://github.com/pengwei1024/JsBridge,620,0,6,0.0,0.0,0.0,0.0
611,java-decompiler/jd-eclipse,https://github.com/java-decompiler/jd-eclipse,620,2,6,0.0,0.0,0.0,0.0
612,huntermr/FastAndroid,https://github.com/huntermr/FastAndroid,620,0,6,0.0,0.0,0.0,0.0
613,graalvm/sulong,https://github.com/graalvm/sulong,619,0,5,0.0,0.0,0.0,0.0
614,apache/aurora,https://github.com/apache/aurora,618,0,7,0.0,0.0,0.0,0.0
615,XiaoMi/android_tv_metro,https://github.com/XiaoMi/android_tv_metro,618,0,6,0.0,0.0,0.0,0.0
616,iSpring/GamePlane,https://github.com/iSpring/GamePlane,618,0,5,0.0,0.0,0.0,0.0
617,spring-projects/spring-social,https://github.com/spring-projects/spring-social,618,0,10,0.0,0.0,0.0,0.0
618,7heaven/SHSegmentControl,https://github.com/7heaven/SHSegmentControl,618,6,6,0.0,0.0,0.0,0.0
619,goweii/WanAndroid,https://github.com/goweii/WanAndroid,618,32,2,0.0,0.0,0.0,0.0
620,restlet/restlet-framework-java,https://github.com/restlet/restlet-framework-java,618,0,9,0.0,0.0,0.0,0.0
621,code-mc/linear-time-picker,https://github.com/code-mc/linear-time-picker,617,0,3,0.0,0.0,0.0,0.0
622,foxykeep/DataDroid,https://github.com/foxykeep/DataDroid,616,0,10,0.0,0.0,0.0,0.0
623,chariotsolutions/phonegap-nfc,https://github.com/chariotsolutions/phonegap-nfc,615,0,10,0.0,0.0,0.0,0.0
624,fbsamples/360-video-player-for-android,https://github.com/fbsamples/360-video-player-for-android,615,0,5,0.0,0.0,0.0,0.0
625,HJ-Money/MTransition,https://github.com/HJ-Money/MTransition,613,0,3,0.0,0.0,0.0,0.0
626,miteshpithadiya/SearchableSpinner,https://github.com/miteshpithadiya/SearchableSpinner,613,0,5,0.0,0.0,0.0,0.0
627,moshowgame/spring-cloud-study,https://github.com/moshowgame/spring-cloud-study,613,0,3,0.0,0.0,0.0,0.0
628,zhangzhun132/NotchTools,https://github.com/zhangzhun132/NotchTools,612,0,2,0.0,0.0,0.0,0.0
629,c-kzxvldkhX/receiptnotice,https://github.com/c-kzxvldkhX/receiptnotice,610,10,3,0.0,0.0,0.0,0.0
630,tls-attacker/TLS-Attacker,https://github.com/tls-attacker/TLS-Attacker,608,25,5,0.0,0.0,0.0,0.0
631,neevek/Paginize,https://github.com/neevek/Paginize,607,0,7,0.0,0.0,0.0,0.0
632,nicoulaj/idea-markdown,https://github.com/nicoulaj/idea-markdown,605,0,10,0.0,0.0,0.0,0.0
633,satorufujiwara/material-scrolling,https://github.com/satorufujiwara/material-scrolling,602,0,5,0.0,0.0,0.0,0.0
634,udacity/ud862-samples,https://github.com/udacity/ud862-samples,601,0,6,0.0,0.0,0.0,0.0
635,vinaysshenoy/mugen,https://github.com/vinaysshenoy/mugen,600,3,6,0.0,0.0,0.0,0.0
636,kekingcn/spring-boot-klock-starter,https://github.com/kekingcn/spring-boot-klock-starter,600,0,3,0.0,0.0,0.0,0.0
637,Backblaze/JavaReedSolomon,https://github.com/Backblaze/JavaReedSolomon,598,0,6,0.0,0.0,0.0,0.0
638,danielliao11/spring-microservice-boilerplate,https://github.com/danielliao11/spring-microservice-boilerplate,596,1,6,0.0,0.0,0.0,0.0
639,VictorAlbertos/RxActivityResult,https://github.com/VictorAlbertos/RxActivityResult,595,17,5,0.0,0.0,0.0,0.0
640,giltene/jHiccup,https://github.com/giltene/jHiccup,593,0,7,0.0,0.0,0.0,0.0
641,desktopqa/Cynthia,https://github.com/desktopqa/Cynthia,592,0,7,0.0,0.0,0.0,0.0
642,cyrildiagne/ar-cptext,https://github.com/cyrildiagne/ar-cptext,592,0,1,0.0,0.0,0.0,0.0
643,Taishi-Y/InstagramLikeColorTransitionAndroid,https://github.com/Taishi-Y/InstagramLikeColorTransitionAndroid,591,0,4,0.0,0.0,0.0,0.0
644,agirbal/umongo,https://github.com/agirbal/umongo,591,1,10,0.0,0.0,0.0,0.0
645,DavidPacioianu/InkPageIndicator,https://github.com/DavidPacioianu/InkPageIndicator,590,0,5,0.0,0.0,0.0,0.0
646,tianzhijiexian/ActivityOptionsICS,https://github.com/tianzhijiexian/ActivityOptionsICS,590,0,6,0.0,0.0,0.0,0.0
647,douglascraigschmidt/POSA-14,https://github.com/douglascraigschmidt/POSA-14,586,0,7,0.0,0.0,0.0,0.0
648,fengzhizi715/NetDiscovery,https://github.com/fengzhizi715/NetDiscovery,585,0,3,0.0,0.0,0.0,0.0
649,EspoirX/AppLock,https://github.com/EspoirX/AppLock,585,0,4,0.0,0.0,0.0,0.0
650,fashare2015/ActivityTracker,https://github.com/fashare2015/ActivityTracker,584,0,4,0.0,0.0,0.0,0.0
651,prometheus/cloudwatch_exporter,https://github.com/prometheus/cloudwatch_exporter,583,11,6,0.0,0.0,0.0,0.0
652,chiemy/CardView,https://github.com/chiemy/CardView,583,0,7,0.0,0.0,0.0,0.0
653,paddybyers/anode,https://github.com/paddybyers/anode,583,0,9,0.0,0.0,0.0,0.0
654,saulmm/onboarding-examples-android,https://github.com/saulmm/onboarding-examples-android,582,0,5,0.0,0.0,0.0,0.0
655,update4j/update4j,https://github.com/update4j/update4j,582,15,3,0.0,0.0,0.0,0.0
656,ViceFantasyPlace/activate-power-mode,https://github.com/ViceFantasyPlace/activate-power-mode,582,12,5,0.0,0.0,0.0,0.0
657,lawloretienne/DiscreteSlider,https://github.com/lawloretienne/DiscreteSlider,581,0,5,0.0,0.0,0.0,0.0
658,Multiverse/Multiverse-Core,https://github.com/Multiverse/Multiverse-Core,580,0,10,0.0,0.0,0.0,0.0
659,AleBarreto/FirebaseAndroidChat,https://github.com/AleBarreto/FirebaseAndroidChat,579,0,5,0.0,0.0,0.0,0.0
660,ashqal/NightOwl,https://github.com/ashqal/NightOwl,578,1,5,0.0,0.0,0.0,0.0
661,soarcn/UndoBar,https://github.com/soarcn/UndoBar,578,0,8,0.0,0.0,0.0,0.0
662,pyricau/fragnums,https://github.com/pyricau/fragnums,578,0,5,0.0,0.0,0.0,0.0
663,xuxueli/xxl-crawler,https://github.com/xuxueli/xxl-crawler,576,5,3,0.0,0.0,0.0,0.0
664,TellH/RecyclerTreeView,https://github.com/TellH/RecyclerTreeView,576,8,4,0.0,0.0,0.0,0.0
665,newbee-ltd/newbee-mall-api,https://github.com/newbee-ltd/newbee-mall-api,575,0,1,0.0,0.0,0.0,0.0
666,sho5nn/ZDepthShadow,https://github.com/sho5nn/ZDepthShadow,574,4,6,0.0,0.0,0.0,0.0
667,JakeWharton/flip-tables,https://github.com/JakeWharton/flip-tables,574,0,7,0.0,0.0,0.0,0.0
668,ViRb3/TrustMeAlready,https://github.com/ViRb3/TrustMeAlready,574,2,2,0.0,0.0,0.0,0.0
669,lewisjdeane/L-Dialogs,https://github.com/lewisjdeane/L-Dialogs,572,0,7,0.0,0.0,0.0,0.0
670,mttkay/signpost,https://github.com/mttkay/signpost,571,4,11,0.0,0.0,0.0,0.0
671,in28minutes/JavaInterviewQuestionsAndAnswers,https://github.com/in28minutes/JavaInterviewQuestionsAndAnswers,571,0,5,0.0,0.0,0.0,0.0
672,yanzhenjie/Kalle,https://github.com/yanzhenjie/Kalle,570,0,3,0.0,0.0,0.0,0.0
673,nacos-group/nacos-spring-boot-project,https://github.com/nacos-group/nacos-spring-boot-project,570,12,3,0.0,0.0,0.0,0.0
674,odrotbohm/moduliths,https://github.com/odrotbohm/moduliths,567,6,3,0.0,0.0,0.0,0.0
675,momosecurity/momo-code-sec-inspector-java,https://github.com/momosecurity/momo-code-sec-inspector-java,566,0,0,0.0,0.0,0.0,0.0
676,forcedotcom/phoenix,https://github.com/forcedotcom/phoenix,565,0,8,0.0,0.0,0.0,0.0
677,irfaan008/OnePageSigninSignup,https://github.com/irfaan008/OnePageSigninSignup,564,0,4,0.0,0.0,0.0,0.0
678,Meituan-Dianping/octo-rpc,https://github.com/Meituan-Dianping/octo-rpc,563,0,2,0.0,0.0,0.0,0.0
679,jitsi/libjitsi,https://github.com/jitsi/libjitsi,563,0,8,0.0,0.0,0.0,0.0
680,Sammy1Am/MoppyClassic,https://github.com/Sammy1Am/MoppyClassic,563,0,9,0.0,0.0,0.0,0.0
681,gazbert/bxbot,https://github.com/gazbert/bxbot,561,44,6,0.0,0.0,0.0,0.0
682,KylinOLAP/Kylin,https://github.com/KylinOLAP/Kylin,560,3,7,0.0,0.0,0.0,0.0
683,JFXtras/jfxtras,https://github.com/JFXtras/jfxtras,559,0,9,0.0,0.0,0.0,0.0
684,simplesteph/kafka-beginners-course,https://github.com/simplesteph/kafka-beginners-course,559,0,3,0.0,0.0,0.0,0.0
685,rno/Android-ScrollBarPanel,https://github.com/rno/Android-ScrollBarPanel,557,0,9,0.0,0.0,0.0,0.0
686,mucommander/mucommander,https://github.com/mucommander/mucommander,557,20,7,0.0,0.0,0.0,0.0
687,Namir233/ZrcListView,https://github.com/Namir233/ZrcListView,556,0,7,0.0,0.0,0.0,0.0
688,beanshell/beanshell,https://github.com/beanshell/beanshell,556,2,5,0.0,0.0,0.0,0.0
689,fan-wenjie/EasyPR-Java,https://github.com/fan-wenjie/EasyPR-Java,556,0,6,0.0,0.0,0.0,0.0
690,maxbbraun/mirror,https://github.com/maxbbraun/mirror,555,0,5,0.0,0.0,0.0,0.0
691,JakeWharton/SwipeToDismissNOA,https://github.com/JakeWharton/SwipeToDismissNOA,554,0,9,0.0,0.0,0.0,0.0
692,vickychijwani/quill,https://github.com/vickychijwani/quill,553,0,6,0.0,0.0,0.0,0.0
693,dingjikerbo/Android-Camera,https://github.com/dingjikerbo/Android-Camera,550,0,4,0.0,0.0,0.0,0.0
694,dyc87112/SpringCloudBook,https://github.com/dyc87112/SpringCloudBook,549,0,4,0.0,0.0,0.0,0.0
695,japgolly/svg-android,https://github.com/japgolly/svg-android,548,0,8,0.0,0.0,0.0,0.0
696,bjmashibing/JUC,https://github.com/bjmashibing/JUC,548,0,2,0.0,0.0,0.0,0.0
697,androidthings/contrib-drivers,https://github.com/androidthings/contrib-drivers,548,0,4,0.0,0.0,0.0,0.0
698,ddnosh/AndroidQuick,https://github.com/ddnosh/AndroidQuick,547,0,3,0.0,0.0,0.0,0.0
699,saik0/UnifiedPreference,https://github.com/saik0/UnifiedPreference,547,0,8,0.0,0.0,0.0,0.0
700,stfalcon-studio/ChatKit,https://github.com/stfalcon-studio/ChatKit,3448,1,4,0.0,0.0,0.0,0.0
701,bilibili/MagicaSakura,https://github.com/bilibili/MagicaSakura,3445,3,5,0.0,0.0,0.0,0.0
702,jitsi/jitsi,https://github.com/jitsi/jitsi,3443,7,8,0.0,0.0,0.0,0.0
703,failsafe-lib/failsafe,https://github.com/failsafe-lib/failsafe,3441,0,6,0.0,0.0,0.0,0.0
704,guolindev/giffun,https://github.com/guolindev/giffun,3438,0,2,0.0,0.0,0.0,0.0
705,avast/android-butterknife-zelezny,https://github.com/avast/android-butterknife-zelezny,3434,8,7,0.0,0.0,0.0,0.0
706,mybatis/spring-boot-starter,https://github.com/mybatis/spring-boot-starter,3432,21,5,0.0,0.0,0.0,0.0
707,M66B/NetGuard,https://github.com/M66B/NetGuard,3416,130,5,0.0,0.0,0.0,0.0
708,Ereza/CustomActivityOnCrash,https://github.com/Ereza/CustomActivityOnCrash,3416,11,7,0.0,0.0,0.0,0.0
709,sofastack/sofa-rpc,https://github.com/sofastack/sofa-rpc,3409,39,3,0.0,0.0,0.0,0.0
710,yigit/android-priority-jobqueue,https://github.com/yigit/android-priority-jobqueue,3408,0,7,0.0,0.0,0.0,0.0
711,code4craft/tiny-spring,https://github.com/code4craft/tiny-spring,3404,0,7,0.0,0.0,0.0,0.0
712,mpusher/mpush,https://github.com/mpusher/mpush,3401,9,5,0.0,0.0,0.0,0.0
713,google/rejoiner,https://github.com/google/rejoiner,3400,3,3,0.0,0.0,0.0,0.0
714,xuexiangjys/XUI,https://github.com/xuexiangjys/XUI,3396,20,2,0.0,0.0,0.0,0.0
715,crossoverJie/SSM,https://github.com/crossoverJie/SSM,3379,10,5,0.0,0.0,0.0,0.0
716,ivacf/archi,https://github.com/ivacf/archi,3373,0,5,0.0,0.0,0.0,0.0
717,linyiqun/DataMiningAlgorithm,https://github.com/linyiqun/DataMiningAlgorithm,3372,0,6,0.0,0.0,0.0,0.0
718,oracle/opengrok,https://github.com/oracle/opengrok,3366,184,8,0.0,0.0,0.0,0.0
719,Exrick/xboot,https://github.com/Exrick/xboot,3365,6,3,0.0,0.0,0.0,0.0
720,rovo89/XposedInstaller,https://github.com/rovo89/XposedInstaller,3354,0,9,0.0,0.0,0.0,0.0
721,LWJGL/lwjgl3,https://github.com/LWJGL/lwjgl3,3348,14,8,0.0,0.0,0.0,0.0
722,mock-server/mockserver,https://github.com/mock-server/mockserver,3346,0,8,0.0,0.0,0.0,0.0
723,apache/dubbo-admin,https://github.com/apache/dubbo-admin,3346,3,3,0.0,0.0,0.0,0.0
724,runelite/runelite,https://github.com/runelite/runelite,3345,0,5,0.0,0.0,0.0,0.0
725,WVector/AppUpdate,https://github.com/WVector/AppUpdate,3341,3,4,0.0,0.0,0.0,0.0
726,mcxtzhang/SwipeDelMenuLayout,https://github.com/mcxtzhang/SwipeDelMenuLayout,3337,2,5,0.0,0.0,0.0,0.0
727,alamkanak/Android-Week-View,https://github.com/alamkanak/Android-Week-View,3327,4,6,0.0,0.0,0.0,0.0
728,actorapp/actor-platform,https://github.com/actorapp/actor-platform,3314,97,6,0.0,0.0,0.0,0.0
729,ethanhua/Skeleton,https://github.com/ethanhua/Skeleton,3313,0,4,0.0,0.0,0.0,0.0
730,graphhopper/graphhopper,https://github.com/graphhopper/graphhopper,3309,33,9,0.0,0.0,0.0,0.0
731,abel533/MyBatis-Spring-Boot,https://github.com/abel533/MyBatis-Spring-Boot,3307,0,5,0.0,0.0,0.0,0.0
732,j-easy/easy-rules,https://github.com/j-easy/easy-rules,3301,10,8,0.0,0.0,0.0,0.0
733,shekhargulati/99-problems,https://github.com/shekhargulati/99-problems,3300,0,5,0.0,0.0,0.0,0.0
734,googlemaps/android-maps-utils,https://github.com/googlemaps/android-maps-utils,3296,22,8,0.0,0.0,0.0,0.0
735,stylefeng/Guns,https://github.com/stylefeng/Guns,3296,0,4,0.0,0.0,0.0,0.0
736,jeremylong/DependencyCheck,https://github.com/jeremylong/DependencyCheck,3295,19,9,0.0,0.0,0.0,0.0
737,web3j/web3j,https://github.com/web3j/web3j,3294,90,5,0.0,0.0,0.0,0.0
738,knowm/XChange,https://github.com/knowm/XChange,3290,0,9,0.0,0.0,0.0,0.0
739,GitLqr/LQRWeChat,https://github.com/GitLqr/LQRWeChat,3284,0,4,0.0,0.0,0.0,0.0
740,lisawray/groupie,https://github.com/lisawray/groupie,3283,26,5,0.0,0.0,0.0,0.0
741,promeG/TinyPinyin,https://github.com/promeG/TinyPinyin,3279,2,5,0.0,0.0,0.0,0.0
742,jboss-javassist/javassist,https://github.com/jboss-javassist/javassist,3272,18,8,0.0,0.0,0.0,0.0
743,line/armeria,https://github.com/line/armeria,3270,190,5,0.0,0.0,0.0,0.0
744,code4craft/netty-learning,https://github.com/code4craft/netty-learning,3266,0,7,0.0,0.0,0.0,0.0
745,sherxon/AlgoDS,https://github.com/sherxon/AlgoDS,3264,0,4,0.0,0.0,0.0,0.0
746,iammert/ScalingLayout,https://github.com/iammert/ScalingLayout,3264,4,3,0.0,0.0,0.0,0.0
747,luojilab/DDComponentForAndroid,https://github.com/luojilab/DDComponentForAndroid,3257,4,3,0.0,0.0,0.0,0.0
748,rubensousa/PreviewSeekBar,https://github.com/rubensousa/PreviewSeekBar,3256,7,4,0.0,0.0,0.0,0.0
749,linkedin/databus,https://github.com/linkedin/databus,3256,0,8,0.0,0.0,0.0,0.0
750,networknt/light-4j,https://github.com/networknt/light-4j,3254,140,4,0.0,0.0,0.0,0.0
751,saysky/ForestBlog,https://github.com/saysky/ForestBlog,3254,0,3,0.0,0.0,0.0,0.0
752,tangqi92/Android-Tips,https://github.com/tangqi92/Android-Tips,3244,0,5,0.0,0.0,0.0,0.0
753,bluelinelabs/LoganSquare,https://github.com/bluelinelabs/LoganSquare,3243,0,6,0.0,0.0,0.0,0.0
754,liuyubobobo/Play-with-Algorithms,https://github.com/liuyubobobo/Play-with-Algorithms,3242,0,5,0.0,0.0,0.0,0.0
755,google/data-transfer-project,https://github.com/google/data-transfer-project,3235,38,3,0.0,0.0,0.0,0.0
756,kevinsawicki/http-request,https://github.com/kevinsawicki/http-request,3230,0,9,0.0,0.0,0.0,0.0
757,Fuzion24/JustTrustMe,https://github.com/Fuzion24/JustTrustMe,3229,1,7,0.0,0.0,0.0,0.0
758,tiann/epic,https://github.com/tiann/epic,3229,5,4,0.0,0.0,0.0,0.0
759,ragunathjawahar/android-saripaar,https://github.com/ragunathjawahar/android-saripaar,3221,3,8,0.0,0.0,0.0,0.0
760,ittianyu/BottomNavigationViewEx,https://github.com/ittianyu/BottomNavigationViewEx,3221,19,4,0.0,0.0,0.0,0.0
761,bauerca/drag-sort-listview,https://github.com/bauerca/drag-sort-listview,3220,0,9,0.0,0.0,0.0,0.0
762,hmkcode/Android,https://github.com/hmkcode/Android,3219,0,8,0.0,0.0,0.0,0.0
763,java-aodeng/hope-boot,https://github.com/java-aodeng/hope-boot,3216,2,2,0.0,0.0,0.0,0.0
764,bilibili/boxing,https://github.com/bilibili/boxing,3210,1,4,0.0,0.0,0.0,0.0
765,chrisbanes/ActionBar-PullToRefresh,https://github.com/chrisbanes/ActionBar-PullToRefresh,3199,0,8,0.0,0.0,0.0,0.0
766,UnevenSoftware/LeafPic,https://github.com/UnevenSoftware/LeafPic,3195,7,5,0.0,0.0,0.0,0.0
767,eclipse/jetty.project,https://github.com/eclipse/jetty.project,3191,31,10,0.0,0.0,0.0,0.0
768,JSQLParser/JSqlParser,https://github.com/JSQLParser/JSqlParser,3189,25,10,0.0,0.0,0.0,0.0
769,yangfuhai/afinal,https://github.com/yangfuhai/afinal,3188,0,8,0.0,0.0,0.0,0.0
770,traccar/traccar,https://github.com/traccar/traccar,3181,34,9,0.0,0.0,0.0,0.0
771,daimajia/AndroidViewHover,https://github.com/daimajia/AndroidViewHover,3180,4,7,0.0,0.0,0.0,0.0
772,Javen205/IJPay,https://github.com/Javen205/IJPay,3180,23,4,0.0,0.0,0.0,0.0
773,mik3y/usb-serial-for-android,https://github.com/mik3y/usb-serial-for-android,3178,19,8,0.0,0.0,0.0,0.0
774,uber/AutoDispose,https://github.com/uber/AutoDispose,3173,1,4,0.0,0.0,0.0,0.0
775,pengjianbo/GalleryFinal,https://github.com/pengjianbo/GalleryFinal,3172,4,5,0.0,0.0,0.0,0.0
776,crate/crate,https://github.com/crate/crate,3171,31,8,0.0,0.0,0.0,0.0
777,zzz40500/GsonFormat,https://github.com/zzz40500/GsonFormat,3170,4,6,0.0,0.0,0.0,0.0
778,dataease/dataease,https://github.com/dataease/dataease,3162,11,0,0.0,0.0,0.0,0.0
779,spring-cloud/spring-cloud-gateway,https://github.com/spring-cloud/spring-cloud-gateway,3161,0,4,0.0,0.0,0.0,0.0
780,MovingBlocks/Terasology,https://github.com/MovingBlocks/Terasology,3157,62,10,0.0,0.0,0.0,0.0
781,apache/kylin,https://github.com/apache/kylin,3151,0,6,0.0,0.0,0.0,0.0
782,vert-x3/vertx-examples,https://github.com/vert-x3/vertx-examples,3148,0,6,0.0,0.0,0.0,0.0
783,jfinal/jfinal,https://github.com/jfinal/jfinal,3142,0,9,0.0,0.0,0.0,0.0
784,hitherejoe/animate,https://github.com/hitherejoe/animate,3142,0,5,0.0,0.0,0.0,0.0
785,andOTP/andOTP,https://github.com/andOTP/andOTP,3141,38,4,0.0,0.0,0.0,0.0
786,androidx/androidx,https://github.com/androidx/androidx,3140,0,1,0.0,0.0,0.0,0.0
787,facebookarchive/network-connection-class,https://github.com/facebookarchive/network-connection-class,3138,2,6,0.0,0.0,0.0,0.0
788,wendux/DSBridge-Android,https://github.com/wendux/DSBridge-Android,3137,2,4,0.0,0.0,0.0,0.0
789,fyhertz/libstreaming,https://github.com/fyhertz/libstreaming,3131,0,8,0.0,0.0,0.0,0.0
790,huanghongxun/HMCL,https://github.com/huanghongxun/HMCL,3129,165,6,0.0,0.0,0.0,0.0
791,amulyakhare/TextDrawable,https://github.com/amulyakhare/TextDrawable,3126,0,6,0.0,0.0,0.0,0.0
792,airbnb/native-navigation,https://github.com/airbnb/native-navigation,3124,0,4,0.0,0.0,0.0,0.0
793,eishay/jvm-serializers,https://github.com/eishay/jvm-serializers,3124,0,11,0.0,0.0,0.0,0.0
794,chenBingX/SuperTextView,https://github.com/chenBingX/SuperTextView,3123,30,4,0.0,0.0,0.0,0.0
795,remkop/picocli,https://github.com/remkop/picocli,3122,76,4,0.0,0.0,0.0,0.0
796,RedSpider1/concurrent,https://github.com/RedSpider1/concurrent,3120,0,2,0.0,0.0,0.0,0.0
797,nicolasgramlich/AndEngine,https://github.com/nicolasgramlich/AndEngine,3104,0,9,0.0,0.0,0.0,0.0
798,BelooS/ChipsLayoutManager,https://github.com/BelooS/ChipsLayoutManager,3102,11,5,0.0,0.0,0.0,0.0
799,Skykai521/StickerCamera,https://github.com/Skykai521/StickerCamera,3096,0,6,0.0,0.0,0.0,0.0
800,alibaba/cobar,https://github.com/alibaba/cobar,3095,1,7,0.0,0.0,0.0,0.0
801,yipianfengye/android-adDialog,https://github.com/yipianfengye/android-adDialog,3093,0,5,0.0,0.0,0.0,0.0
802,danylovolokh/VideoPlayerManager,https://github.com/danylovolokh/VideoPlayerManager,3087,0,6,0.0,0.0,0.0,0.0
803,google/volley,https://github.com/google/volley,3087,9,4,0.0,0.0,0.0,0.0
804,liujingxing/rxhttp,https://github.com/liujingxing/rxhttp,3074,18,2,0.0,0.0,0.0,0.0
805,Col-E/Recaf,https://github.com/Col-E/Recaf,3073,155,4,0.0,0.0,0.0,0.0
806,JavaNoober/BackgroundLibrary,https://github.com/JavaNoober/BackgroundLibrary,3072,9,2,0.0,0.0,0.0,0.0
807,gabrielemariotti/RecyclerViewItemAnimators,https://github.com/gabrielemariotti/RecyclerViewItemAnimators,3070,0,7,0.0,0.0,0.0,0.0
808,huburt-Hu/NewbieGuide,https://github.com/huburt-Hu/NewbieGuide,3070,20,4,0.0,0.0,0.0,0.0
809,hongyangAndroid/Highlight,https://github.com/hongyangAndroid/Highlight,3068,0,5,0.0,0.0,0.0,0.0
810,qunarcorp/bistoury,https://github.com/qunarcorp/bistoury,3068,8,2,0.0,0.0,0.0,0.0
811,WritingMinds/ffmpeg-android-java,https://github.com/WritingMinds/ffmpeg-android-java,3062,8,6,0.0,0.0,0.0,0.0
812,eleme/UETool,https://github.com/eleme/UETool,3058,8,3,0.0,0.0,0.0,0.0
813,zwwill/yanxuan-weex-demo,https://github.com/zwwill/yanxuan-weex-demo,3056,0,4,0.0,0.0,0.0,0.0
814,requery/requery,https://github.com/requery/requery,3053,43,5,0.0,0.0,0.0,0.0
815,keyboardsurfer/Crouton,https://github.com/keyboardsurfer/Crouton,3052,8,9,0.0,0.0,0.0,0.0
816,JeremyLiao/LiveEventBus,https://github.com/JeremyLiao/LiveEventBus,3051,0,3,0.0,0.0,0.0,0.0
817,sofastack/sofa-jarslink,https://github.com/sofastack/sofa-jarslink,3042,2,3,0.0,0.0,0.0,0.0
818,jgilfelt/android-viewbadger,https://github.com/jgilfelt/android-viewbadger,3037,0,9,0.0,0.0,0.0,0.0
819,undertow-io/undertow,https://github.com/undertow-io/undertow,3025,0,9,0.0,0.0,0.0,0.0
820,apache/incubator-doris,https://github.com/apache/incubator-doris,3022,8,4,0.0,0.0,0.0,0.0
821,micrometer-metrics/micrometer,https://github.com/micrometer-metrics/micrometer,3022,117,4,0.0,0.0,0.0,0.0
822,alibaba/jetcache,https://github.com/alibaba/jetcache,3021,47,4,0.0,0.0,0.0,0.0
823,crazyandcoder/citypicker,https://github.com/crazyandcoder/citypicker,3015,4,5,0.0,0.0,0.0,0.0
824,anggrayudi/android-hidden-api,https://github.com/anggrayudi/android-hidden-api,3013,1,5,0.0,0.0,0.0,0.0
825,zhou-you/RxEasyHttp,https://github.com/zhou-you/RxEasyHttp,3011,0,4,0.0,0.0,0.0,0.0
826,guoguibing/librec,https://github.com/guoguibing/librec,3010,3,7,0.0,0.0,0.0,0.0
827,pedrovgs/DraggablePanel,https://github.com/pedrovgs/DraggablePanel,3009,10,7,0.0,0.0,0.0,0.0
828,xmuSistone/ViewpagerTransition,https://github.com/xmuSistone/ViewpagerTransition,3008,1,4,0.0,0.0,0.0,0.0
829,facebookarchive/react-native-fbsdk,https://github.com/facebookarchive/react-native-fbsdk,3002,22,6,0.0,0.0,0.0,0.0
830,lovetuzitong/MultiImageSelector,https://github.com/lovetuzitong/MultiImageSelector,3001,2,6,0.0,0.0,0.0,0.0
831,fishercoder1534/Leetcode,https://github.com/fishercoder1534/Leetcode,2996,0,5,0.0,0.0,0.0,0.0
832,KingJA/LoadSir,https://github.com/KingJA/LoadSir,2996,6,4,0.0,0.0,0.0,0.0
833,uber/NullAway,https://github.com/uber/NullAway,2995,0,4,0.0,0.0,0.0,0.0
834,dmytrodanylyk/android-process-button,https://github.com/dmytrodanylyk/android-process-button,2994,1,7,0.0,0.0,0.0,0.0
835,woxingxiao/BubbleSeekBar,https://github.com/woxingxiao/BubbleSeekBar,2993,12,4,0.0,0.0,0.0,0.0
836,stephanenicolas/robospice,https://github.com/stephanenicolas/robospice,2992,1,8,0.0,0.0,0.0,0.0
837,Marswin/MarsDaemon,https://github.com/Marswin/MarsDaemon,2992,0,5,0.0,0.0,0.0,0.0
838,Polidea/RxAndroidBle,https://github.com/Polidea/RxAndroidBle,2979,45,5,0.0,0.0,0.0,0.0
839,spockframework/spock,https://github.com/spockframework/spock,2978,12,10,0.0,0.0,0.0,0.0
840,zlt2000/microservices-platform,https://github.com/zlt2000/microservices-platform,2977,23,2,0.0,0.0,0.0,0.0
841,burhanrashid52/PhotoEditor,https://github.com/burhanrashid52/PhotoEditor,2973,13,3,0.0,0.0,0.0,0.0
842,PowerJob/PowerJob,https://github.com/PowerJob/PowerJob,2971,32,1,0.0,0.0,0.0,0.0
843,lenve/JavaEETest,https://github.com/lenve/JavaEETest,2967,0,4,0.0,0.0,0.0,0.0
844,Red5/red5-server,https://github.com/Red5/red5-server,2967,45,7,0.0,0.0,0.0,0.0
845,immutables/immutables,https://github.com/immutables/immutables,2963,6,8,0.0,0.0,0.0,0.0
846,jd-alexander/LikeButton,https://github.com/jd-alexander/LikeButton,2960,14,5,0.0,0.0,0.0,0.0
847,jasonross/Nuwa,https://github.com/jasonross/Nuwa,2958,0,5,0.0,0.0,0.0,0.0
848,android-notes/Cockroach,https://github.com/android-notes/Cockroach,2957,1,4,0.0,0.0,0.0,0.0
849,aragozin/jvm-tools,https://github.com/aragozin/jvm-tools,2956,0,9,0.0,0.0,0.0,0.0
850,jbloch/effective-java-3e-source-code,https://github.com/jbloch/effective-java-3e-source-code,2956,0,3,0.0,0.0,0.0,0.0
851,yui/yuicompressor,https://github.com/yui/yuicompressor,2954,1,12,0.0,0.0,0.0,0.0
852,didi/LogiKM,https://github.com/didi/LogiKM,2953,11,1,0.0,0.0,0.0,0.0
853,kunal-kushwaha/DSA-Bootcamp-Java,https://github.com/kunal-kushwaha/DSA-Bootcamp-Java,2949,0,0,0.0,0.0,0.0,0.0
854,h2database/h2database,https://github.com/h2database/h2database,2949,12,6,0.0,0.0,0.0,0.0
855,mplushnikov/lombok-intellij-plugin,https://github.com/mplushnikov/lombok-intellij-plugin,2946,116,7,0.0,0.0,0.0,0.0
856,zaaach/CityPicker,https://github.com/zaaach/CityPicker,2938,2,5,0.0,0.0,0.0,0.0
857,udacity/Sunshine-Version-2,https://github.com/udacity/Sunshine-Version-2,2931,0,6,0.0,0.0,0.0,0.0
858,zendesk/maxwell,https://github.com/zendesk/maxwell,2931,175,6,0.0,0.0,0.0,0.0
859,WeiYe-Jing/datax-web,https://github.com/WeiYe-Jing/datax-web,2927,5,1,0.0,0.0,0.0,0.0
860,CheckChe0803/flink-recommandSystem-demo,https://github.com/CheckChe0803/flink-recommandSystem-demo,2923,0,2,0.0,0.0,0.0,0.0
861,java8/Java8InAction,https://github.com/java8/Java8InAction,2919,0,7,0.0,0.0,0.0,0.0
862,MindorksOpenSource/PRDownloader,https://github.com/MindorksOpenSource/PRDownloader,2919,5,3,0.0,0.0,0.0,0.0
863,mxdldev/android-mvp-mvvm-flytour,https://github.com/mxdldev/android-mvp-mvvm-flytour,2919,11,2,0.0,0.0,0.0,0.0
864,florent37/ShapeOfView,https://github.com/florent37/ShapeOfView,2917,0,3,0.0,0.0,0.0,0.0
865,yarolegovich/SlidingRootNav,https://github.com/yarolegovich/SlidingRootNav,2910,1,4,0.0,0.0,0.0,0.0
866,KeepSafe/dexcount-gradle-plugin,https://github.com/KeepSafe/dexcount-gradle-plugin,2907,18,6,0.0,0.0,0.0,0.0
867,javaee/jersey,https://github.com/javaee/jersey,2905,30,9,0.0,0.0,0.0,0.0
868,yusugomori/DeepLearning,https://github.com/yusugomori/DeepLearning,2905,0,8,0.0,0.0,0.0,0.0
869,trojan-gfw/igniter,https://github.com/trojan-gfw/igniter,2905,32,2,0.0,0.0,0.0,0.0
870,ZieIony/Carbon,https://github.com/ZieIony/Carbon,2899,2,6,0.0,0.0,0.0,0.0
871,jacoco/jacoco,https://github.com/jacoco/jacoco,2898,43,9,0.0,0.0,0.0,0.0
872,edmodo/cropper,https://github.com/edmodo/cropper,2897,0,8,0.0,0.0,0.0,0.0
873,ManuelPeinado/FadingActionBar,https://github.com/ManuelPeinado/FadingActionBar,2896,0,8,0.0,0.0,0.0,0.0
874,googlesamples/android-vision,https://github.com/googlesamples/android-vision,2892,0,6,0.0,0.0,0.0,0.0
875,JackyAndroid/AndroidChromium,https://github.com/JackyAndroid/AndroidChromium,2892,2,5,0.0,0.0,0.0,0.0
876,FasterXML/jackson-databind,https://github.com/FasterXML/jackson-databind,2884,0,9,0.0,0.0,0.0,0.0
877,react-native-share/react-native-share,https://github.com/react-native-share/react-native-share,2881,62,5,0.0,0.0,0.0,0.0
878,geftimov/android-pathview,https://github.com/geftimov/android-pathview,2881,2,6,0.0,0.0,0.0,0.0
879,YahooArchive/anthelion,https://github.com/YahooArchive/anthelion,2878,0,5,0.0,0.0,0.0,0.0
880,race604/FlyRefresh,https://github.com/race604/FlyRefresh,2878,2,6,0.0,0.0,0.0,0.0
881,KunMinX/Linkage-RecyclerView,https://github.com/KunMinX/Linkage-RecyclerView,2875,0,2,0.0,0.0,0.0,0.0
882,saulmm/Android-Material-Examples,https://github.com/saulmm/Android-Material-Examples,2874,0,6,0.0,0.0,0.0,0.0
883,evrencoskun/TableView,https://github.com/evrencoskun/TableView,2872,12,4,0.0,0.0,0.0,0.0
884,ballerina-platform/ballerina-lang,https://github.com/ballerina-platform/ballerina-lang,2871,94,4,0.0,0.0,0.0,0.0
885,dingjikerbo/Android-BluetoothKit,https://github.com/dingjikerbo/Android-BluetoothKit,2868,0,5,0.0,0.0,0.0,0.0
886,ltsopensource/light-task-scheduler,https://github.com/ltsopensource/light-task-scheduler,2865,29,6,0.0,0.0,0.0,0.0
887,subhra74/xdm,https://github.com/subhra74/xdm,2865,3,3,0.0,0.0,0.0,0.0
888,guolindev/booksource,https://github.com/guolindev/booksource,2865,0,4,0.0,0.0,0.0,0.0
889,baomidou/dynamic-datasource-spring-boot-starter,https://github.com/baomidou/dynamic-datasource-spring-boot-starter,2864,6,3,0.0,0.0,0.0,0.0
890,gouthampradhan/leetcode,https://github.com/gouthampradhan/leetcode,2863,0,4,0.0,0.0,0.0,0.0
891,donglua/PhotoPicker,https://github.com/donglua/PhotoPicker,2861,13,6,0.0,0.0,0.0,0.0
892,nic-delhi/AarogyaSetu_Android,https://github.com/nic-delhi/AarogyaSetu_Android,2856,0,1,0.0,0.0,0.0,0.0
893,watabou/pixel-dungeon,https://github.com/watabou/pixel-dungeon,2855,0,7,0.0,0.0,0.0,0.0
894,iwgang/CountdownView,https://github.com/iwgang/CountdownView,2854,3,5,0.0,0.0,0.0,0.0
895,NotFound9/interviewGuide,https://github.com/NotFound9/interviewGuide,2853,0,5,0.0,0.0,0.0,0.0
896,SpecialCyCi/AndroidResideMenu,https://github.com/SpecialCyCi/AndroidResideMenu,2851,7,7,0.0,0.0,0.0,0.0
897,nanchen2251/RxJava2Examples,https://github.com/nanchen2251/RxJava2Examples,2850,0,4,0.0,0.0,0.0,0.0
898,openaphid/android-flip,https://github.com/openaphid/android-flip,2850,0,9,0.0,0.0,0.0,0.0
899,vaticle/typedb,https://github.com/vaticle/typedb,2850,71,5,0.0,0.0,0.0,0.0
900,jiangqqlmj/FastDev4Android,https://github.com/jiangqqlmj/FastDev4Android,2847,4,5,0.0,0.0,0.0,0.0
901,alibaba/QLExpress,https://github.com/alibaba/QLExpress,2845,0,4,0.0,0.0,0.0,0.0
902,obsidiandynamics/kafdrop,https://github.com/obsidiandynamics/kafdrop,2841,41,2,0.0,0.0,0.0,0.0
903,CrawlScript/WebCollector,https://github.com/CrawlScript/WebCollector,2841,0,7,0.0,0.0,0.0,0.0
904,jprante/elasticsearch-jdbc,https://github.com/jprante/elasticsearch-jdbc,2836,19,9,0.0,0.0,0.0,0.0
905,bmelnychuk/AndroidTreeView,https://github.com/bmelnychuk/AndroidTreeView,2834,0,6,0.0,0.0,0.0,0.0
906,osmandapp/OsmAnd,https://github.com/osmandapp/OsmAnd,2830,1,10,0.0,0.0,0.0,0.0
907,apollographql/apollo-android,https://github.com/apollographql/apollo-android,2829,68,4,0.0,0.0,0.0,0.0
908,yanzhenjie/AndServer,https://github.com/yanzhenjie/AndServer,2827,0,5,0.0,0.0,0.0,0.0
909,w446108264/XhsEmoticonsKeyboard,https://github.com/w446108264/XhsEmoticonsKeyboard,2827,7,6,0.0,0.0,0.0,0.0
910,JulienGenoud/android-percent-support-lib-sample,https://github.com/JulienGenoud/android-percent-support-lib-sample,2827,2,6,0.0,0.0,0.0,0.0
911,jindrapetrik/jpexs-decompiler,https://github.com/jindrapetrik/jpexs-decompiler,2822,114,7,0.0,0.0,0.0,0.0
912,sunfusheng/StickyHeaderListView,https://github.com/sunfusheng/StickyHeaderListView,2820,0,5,0.0,0.0,0.0,0.0
913,AweiLoveAndroid/CommonDevKnowledge,https://github.com/AweiLoveAndroid/CommonDevKnowledge,2816,0,3,0.0,0.0,0.0,0.0
914,alibaba/Alink,https://github.com/alibaba/Alink,2815,10,2,0.0,0.0,0.0,0.0
915,szerhusenBC/jwt-spring-security-demo,https://github.com/szerhusenBC/jwt-spring-security-demo,2807,3,5,0.0,0.0,0.0,0.0
916,square/flow,https://github.com/square/flow,2803,0,7,0.0,0.0,0.0,0.0
917,mzule/ActivityRouter,https://github.com/mzule/ActivityRouter,2803,3,5,0.0,0.0,0.0,0.0
918,jiajunhui/PlayerBase,https://github.com/jiajunhui/PlayerBase,2798,18,4,0.0,0.0,0.0,0.0
919,tronprotocol/java-tron,https://github.com/tronprotocol/java-tron,2793,59,3,0.0,0.0,0.0,0.0
920,VaughnVernon/IDDD_Samples,https://github.com/VaughnVernon/IDDD_Samples,2789,0,8,0.0,0.0,0.0,0.0
921,florent37/ExpectAnim,https://github.com/florent37/ExpectAnim,2785,1,4,0.0,0.0,0.0,0.0
922,FinalTeam/RxGalleryFinal,https://github.com/FinalTeam/RxGalleryFinal,2783,1,5,0.0,0.0,0.0,0.0
923,jenkinsci/blueocean-plugin,https://github.com/jenkinsci/blueocean-plugin,2778,27,5,0.0,0.0,0.0,0.0
924,DiUS/java-faker,https://github.com/DiUS/java-faker,2778,0,10,0.0,0.0,0.0,0.0
925,JoanZapata/android-pdfview,https://github.com/JoanZapata/android-pdfview,2776,0,8,0.0,0.0,0.0,0.0
926,spring-cloud/spring-cloud-kubernetes,https://github.com/spring-cloud/spring-cloud-kubernetes,2774,0,4,0.0,0.0,0.0,0.0
927,JakeWharton/scalpel,https://github.com/JakeWharton/scalpel,2774,0,7,0.0,0.0,0.0,0.0
928,Teevity/ice,https://github.com/Teevity/ice,2772,3,8,0.0,0.0,0.0,0.0
929,Tencent/MSEC,https://github.com/Tencent/MSEC,2772,0,4,0.0,0.0,0.0,0.0
930,JCTools/JCTools,https://github.com/JCTools/JCTools,2771,15,7,0.0,0.0,0.0,0.0
931,google/binnavi,https://github.com/google/binnavi,2766,3,6,0.0,0.0,0.0,0.0
932,bin456789/Unblock163MusicClient-Xposed,https://github.com/bin456789/Unblock163MusicClient-Xposed,2760,13,5,0.0,0.0,0.0,0.0
933,airbnb/airpal,https://github.com/airbnb/airpal,2760,0,7,0.0,0.0,0.0,0.0
934,apache/nifi,https://github.com/apache/nifi,2760,0,6,0.0,0.0,0.0,0.0
935,googlearchive/android-Camera2Basic,https://github.com/googlearchive/android-Camera2Basic,2754,0,7,0.0,0.0,0.0,0.0
936,LandGrey/SpringBootVulExploit,https://github.com/LandGrey/SpringBootVulExploit,2753,0,1,0.0,0.0,0.0,0.0
937,Nightonke/WoWoViewPager,https://github.com/Nightonke/WoWoViewPager,2748,0,5,0.0,0.0,0.0,0.0
938,liquibase/liquibase,https://github.com/liquibase/liquibase,2746,59,10,0.0,0.0,0.0,0.0
939,north2016/T-MVP,https://github.com/north2016/T-MVP,2746,0,5,0.0,0.0,0.0,0.0
940,Yalantis/GuillotineMenu-Android,https://github.com/Yalantis/GuillotineMenu-Android,2745,2,6,0.0,0.0,0.0,0.0
941,RobotiumTech/robotium,https://github.com/RobotiumTech/robotium,2741,0,11,0.0,0.0,0.0,0.0
942,JackyAndroid/AndroidTVLauncher,https://github.com/JackyAndroid/AndroidTVLauncher,2737,3,5,0.0,0.0,0.0,0.0
943,Nightonke/CoCoin,https://github.com/Nightonke/CoCoin,2736,0,5,0.0,0.0,0.0,0.0
944,eclipse-openj9/openj9,https://github.com/eclipse-openj9/openj9,2733,26,4,0.0,0.0,0.0,0.0
945,cSploit/android,https://github.com/cSploit/android,2732,33,6,0.0,0.0,0.0,0.0
946,googlesamples/google-services,https://github.com/googlesamples/google-services,2730,0,6,0.0,0.0,0.0,0.0
947,apache/maven,https://github.com/apache/maven,2729,0,12,0.0,0.0,0.0,0.0
948,wenmingvs/AndroidProcess,https://github.com/wenmingvs/AndroidProcess,2720,0,5,0.0,0.0,0.0,0.0
949,TangoAgency/material-intro-screen,https://github.com/TangoAgency/material-intro-screen,2720,4,4,0.0,0.0,0.0,0.0
950,code-troopers/android-betterpickers,https://github.com/code-troopers/android-betterpickers,2718,16,8,0.0,0.0,0.0,0.0
951,MagicMashRoom/SuperCalendar,https://github.com/MagicMashRoom/SuperCalendar,2718,13,4,0.0,0.0,0.0,0.0
952,PhilippC/keepass2android,https://github.com/PhilippC/keepass2android,2715,16,3,0.0,0.0,0.0,0.0
953,Mojang/brigadier,https://github.com/Mojang/brigadier,2714,3,6,0.0,0.0,0.0,0.0
954,fengjundev/Android-Skin-Loader,https://github.com/fengjundev/Android-Skin-Loader,2714,0,6,0.0,0.0,0.0,0.0
955,saulmm/CoordinatorBehaviorExample,https://github.com/saulmm/CoordinatorBehaviorExample,2708,0,6,0.0,0.0,0.0,0.0
956,liuyangming/ByteTCC,https://github.com/liuyangming/ByteTCC,2707,17,5,0.0,0.0,0.0,0.0
957,harjot-oberai/MusicDNA,https://github.com/harjot-oberai/MusicDNA,2707,2,5,0.0,0.0,0.0,0.0
958,pedrovgs/Algorithms,https://github.com/pedrovgs/Algorithms,2706,0,6,0.0,0.0,0.0,0.0
959,oguzbilgener/CircularFloatingActionMenu,https://github.com/oguzbilgener/CircularFloatingActionMenu,2705,0,7,0.0,0.0,0.0,0.0
960,bastillion-io/Bastillion,https://github.com/bastillion-io/Bastillion,2701,11,8,0.0,0.0,0.0,0.0
961,AbrahamCaiJin/CommonUtilLibrary,https://github.com/AbrahamCaiJin/CommonUtilLibrary,2700,0,4,0.0,0.0,0.0,0.0
962,awaitility/awaitility,https://github.com/awaitility/awaitility,2694,0,11,0.0,0.0,0.0,0.0
963,oshi/oshi,https://github.com/oshi/oshi,2694,119,9,0.0,0.0,0.0,0.0
964,jfeinstein10/JazzyViewPager,https://github.com/jfeinstein10/JazzyViewPager,2693,0,8,0.0,0.0,0.0,0.0
965,tyzlmjj/PagerBottomTabStrip,https://github.com/tyzlmjj/PagerBottomTabStrip,2693,12,6,0.0,0.0,0.0,0.0
966,lizhangqu/CoreLink,https://github.com/lizhangqu/CoreLink,2693,0,6,0.0,0.0,0.0,0.0
967,android/user-interface-samples,https://github.com/android/user-interface-samples,2689,1,2,0.0,0.0,0.0,0.0
968,sockeqwe/AdapterDelegates,https://github.com/sockeqwe/AdapterDelegates,2689,16,6,0.0,0.0,0.0,0.0
969,jtablesaw/tablesaw,https://github.com/jtablesaw/tablesaw,2683,73,5,0.0,0.0,0.0,0.0
970,jMonkeyEngine/jmonkeyengine,https://github.com/jMonkeyEngine/jmonkeyengine,2678,38,7,0.0,0.0,0.0,0.0
971,amitshekhariitbhu/awesome-android-complete-reference,https://github.com/amitshekhariitbhu/awesome-android-complete-reference,2678,0,5,0.0,0.0,0.0,0.0
972,mmin18/RealtimeBlurView,https://github.com/mmin18/RealtimeBlurView,2677,0,4,0.0,0.0,0.0,0.0
973,JohnPersano/SuperToasts,https://github.com/JohnPersano/SuperToasts,2676,5,8,0.0,0.0,0.0,0.0
974,flavioarfaria/KenBurnsView,https://github.com/flavioarfaria/KenBurnsView,2676,4,7,0.0,0.0,0.0,0.0
975,glomadrian/Grav,https://github.com/glomadrian/Grav,2668,0,4,0.0,0.0,0.0,0.0
976,MindorksOpenSource/android-mvvm-architecture,https://github.com/MindorksOpenSource/android-mvvm-architecture,2667,0,4,0.0,0.0,0.0,0.0
977,Dimezis/BlurView,https://github.com/Dimezis/BlurView,2663,22,5,0.0,0.0,0.0,0.0
978,Hitomis/transferee,https://github.com/Hitomis/transferee,2658,8,4,0.0,0.0,0.0,0.0
979,Malinskiy/SuperRecyclerView,https://github.com/Malinskiy/SuperRecyclerView,2658,7,6,0.0,0.0,0.0,0.0
980,chanjarster/weixin-java-tools,https://github.com/chanjarster/weixin-java-tools,2655,21,7,0.0,0.0,0.0,0.0
981,Todd-Davies/ProgressWheel,https://github.com/Todd-Davies/ProgressWheel,2652,3,9,0.0,0.0,0.0,0.0
982,brianway/springmvc-mybatis-learning,https://github.com/brianway/springmvc-mybatis-learning,2651,0,5,0.0,0.0,0.0,0.0
983,qii/weiciyuan,https://github.com/qii/weiciyuan,2650,0,9,0.0,0.0,0.0,0.0
984,google/hover,https://github.com/google/hover,2646,0,5,0.0,0.0,0.0,0.0
985,spring-io/initializr,https://github.com/spring-io/initializr,2645,9,8,0.0,0.0,0.0,0.0
986,lbryio/lbry-android,https://github.com/lbryio/lbry-android,2645,84,4,0.0,0.0,0.0,0.0
987,aritraroy/PatternLockView,https://github.com/aritraroy/PatternLockView,2643,0,4,0.0,0.0,0.0,0.0
988,500px/500px-android-blur,https://github.com/500px/500px-android-blur,2642,0,6,0.0,0.0,0.0,0.0
989,apache/calcite,https://github.com/apache/calcite,2642,0,7,0.0,0.0,0.0,0.0
990,spring-projects/spring-authorization-server,https://github.com/spring-projects/spring-authorization-server,2641,7,1,0.0,0.0,0.0,0.0
991,chennaione/sugar,https://github.com/chennaione/sugar,2639,6,10,0.0,0.0,0.0,0.0
992,killme2008/aviatorscript,https://github.com/killme2008/aviatorscript,2637,44,10,0.0,0.0,0.0,0.0
993,supertokens/supertokens-core,https://github.com/supertokens/supertokens-core,2634,0,1,0.0,0.0,0.0,0.0
994,SimonVT/android-menudrawer,https://github.com/SimonVT/android-menudrawer,2629,0,9,0.0,0.0,0.0,0.0
995,beworker/pinned-section-listview,https://github.com/beworker/pinned-section-listview,2628,5,8,0.0,0.0,0.0,0.0
996,halirutan/IntelliJ-Key-Promoter-X,https://github.com/halirutan/IntelliJ-Key-Promoter-X,2628,16,4,0.0,0.0,0.0,0.0
997,florent37/ViewAnimator,https://github.com/florent37/ViewAnimator,2625,3,5,0.0,0.0,0.0,0.0
998,phodal/migration,https://github.com/phodal/migration,2624,0,1,0.0,0.0,0.0,0.0
999,jjoe64/GraphView,https://github.com/jjoe64/GraphView,2624,1,10,0.0,0.0,0.0,0.0
