,nameWithOwner,url,stargazers,releases,age
0,CyC2018/CS-Notes,https://github.com/CyC2018/CS-Notes,138016,0,3
1,Snailclimb/JavaGuide,https://github.com/Snailclimb/JavaGuide,110373,0,3
2,iluwatar/java-design-patterns,https://github.com/iluwatar/java-design-patterns,69870,0,7
3,MisterBooo/LeetCodeAnimation,https://github.com/MisterBooo/LeetCodeAnimation,66816,0,2
4,doocs/advanced-java,https://github.com/doocs/advanced-java,57142,0,2
5,spring-projects/spring-boot,https://github.com/spring-projects/spring-boot,57070,106,8
6,elastic/elasticsearch,https://github.com/elastic/elasticsearch,56383,56,11
7,kdn251/interviews,https://github.com/kdn251/interviews,53830,0,4
8,macrozheng/mall,https://github.com/macrozheng/mall,52296,1,3
9,ReactiveX/RxJava,https://github.com/ReactiveX/RxJava,45154,225,8
10,spring-projects/spring-framework,https://github.com/spring-projects/spring-framework,44234,210,10
11,google/guava,https://github.com/google/guava,42296,32,7
12,TheAlgorithms/Java,https://github.com/TheAlgorithms/Java,40524,0,5
13,square/retrofit,https://github.com/square/retrofit,38668,0,11
14,kon9chunkit/GitHub-Chinese-Top-Charts,https://github.com/kon9chunkit/GitHub-Chinese-Top-Charts,38453,0,2
15,apache/dubbo,https://github.com/apache/dubbo,36115,38,9
16,PhilJay/MPAndroidChart,https://github.com/PhilJay/MPAndroidChart,33906,44,7
17,airbnb/lottie-android,https://github.com/airbnb/lottie-android,31736,36,4
18,bumptech/glide,https://github.com/bumptech/glide,31681,36,8
19,Blankj/AndroidUtilCode,https://github.com/Blankj/AndroidUtilCode,29801,116,5
20,NationalSecurityAgency/ghidra,https://github.com/NationalSecurityAgency/ghidra,28695,15,2
21,geekxh/hello-algorithm,https://github.com/geekxh/hello-algorithm,28483,0,1
22,zxing/zxing,https://github.com/zxing/zxing,28348,27,9
23,netty/netty,https://github.com/netty/netty,27532,0,10
24,eugenp/tutorials,https://github.com/eugenp/tutorials,27437,0,8
25,skylot/jadx,https://github.com/skylot/jadx,27086,14,8
26,alibaba/arthas,https://github.com/alibaba/arthas,27060,37,3
27,crossoverJie/JCSprout,https://github.com/crossoverJie/JCSprout,26383,0,3
28,ityouknow/spring-boot-examples,https://github.com/ityouknow/spring-boot-examples,26198,0,4
29,JakeWharton/butterknife,https://github.com/JakeWharton/butterknife,25735,0,8
30,apolloconfig/apollo,https://github.com/apolloconfig/apollo,25411,33,5
31,proxyee-down-org/proxyee-down,https://github.com/proxyee-down-org/proxyee-down,25379,49,3
32,jeecgboot/jeecg-boot,https://github.com/jeecgboot/jeecg-boot,24883,16,2
33,alibaba/druid,https://github.com/alibaba/druid,24466,42,9
34,alibaba/fastjson,https://github.com/alibaba/fastjson,23760,82,9
35,greenrobot/EventBus,https://github.com/greenrobot/EventBus,23593,5,9
36,xkcoding/spring-boot-demo,https://github.com/xkcoding/spring-boot-demo,23291,0,3
37,scwang90/SmartRefreshLayout,https://github.com/scwang90/SmartRefreshLayout,22946,8,4
38,lenve/vhr,https://github.com/lenve/vhr,22259,0,3
39,CymChad/BaseRecyclerViewAdapterHelper,https://github.com/CymChad/BaseRecyclerViewAdapterHelper,22248,191,5
40,dbeaver/dbeaver,https://github.com/dbeaver/dbeaver,22050,135,5
41,Netflix/Hystrix,https://github.com/Netflix/Hystrix,21933,79,8
42,SeleniumHQ/selenium,https://github.com/SeleniumHQ/selenium,21610,69,8
43,wuyouzhuguli/SpringAll,https://github.com/wuyouzhuguli/SpringAll,21603,0,3
44,hollischuang/toBeTopJavaer,https://github.com/hollischuang/toBeTopJavaer,21517,0,2
45,qiurunze123/miaosha,https://github.com/qiurunze123/miaosha,21466,0,2
46,signalapp/Signal-Android,https://github.com/signalapp/Signal-Android,21098,0,9
47,alibaba/easyexcel,https://github.com/alibaba/easyexcel,21064,1,3
48,seata/seata,https://github.com/seata/seata,20738,31,2
49,alibaba/canal,https://github.com/alibaba/canal,20409,21,8
50,dromara/hutool,https://github.com/dromara/hutool,20352,100,7
51,alibaba/spring-cloud-alibaba,https://github.com/alibaba/spring-cloud-alibaba,20033,25,3
52,google/gson,https://github.com/google/gson,20015,1,6
53,apache/kafka,https://github.com/apache/kafka,19827,0,10
54,halo-dev/halo,https://github.com/halo-dev/halo,19680,72,3
55,ReactiveX/RxAndroid,https://github.com/ReactiveX/RxAndroid,19492,18,7
56,alibaba/nacos,https://github.com/alibaba/nacos,19432,41,3
57,xuxueli/xxl-job,https://github.com/xuxueli/xxl-job,19365,30,5
58,libgdx/libgdx,https://github.com/libgdx/libgdx,18884,8,9
59,google/ExoPlayer,https://github.com/google/ExoPlayer,18223,13,7
60,square/picasso,https://github.com/square/picasso,18110,7,8
61,Baseflow/PhotoView,https://github.com/Baseflow/PhotoView,17912,5,9
62,didi/DoraemonKit,https://github.com/didi/DoraemonKit,17908,4,3
63,jenkinsci/jenkins,https://github.com/jenkinsci/jenkins,17805,123,10
64,DrKLO/Telegram,https://github.com/DrKLO/Telegram,17801,68,7
65,apache/skywalking,https://github.com/apache/skywalking,17682,46,5
66,redisson/redisson,https://github.com/redisson/redisson,17335,99,7
67,bazelbuild/bazel,https://github.com/bazelbuild/bazel,17290,115,7
68,alibaba/Sentinel,https://github.com/alibaba/Sentinel,17270,18,3
69,apache/flink,https://github.com/apache/flink,17072,0,7
70,nostra13/Android-Universal-Image-Loader,https://github.com/nostra13/Android-Universal-Image-Loader,16842,0,9
71,facebook/fresco,https://github.com/facebook/fresco,16655,44,6
72,CarGuo/GSYVideoPlayer,https://github.com/CarGuo/GSYVideoPlayer,16630,26,4
73,linlinjava/litemall,https://github.com/linlinjava/litemall,16310,8,3
74,elunez/eladmin,https://github.com/elunez/eladmin,16307,6,2
75,mybatis/mybatis-3,https://github.com/mybatis/mybatis-3,16179,34,8
76,shuzheng/zheng,https://github.com/shuzheng/zheng,16082,0,4
77,Tencent/tinker,https://github.com/Tencent/tinker,16000,42,5
78,forezp/SpringCloudLearning,https://github.com/forezp/SpringCloudLearning,15923,0,4
79,dianping/cat,https://github.com/dianping/cat,15882,0,8
80,oracle/graal,https://github.com/oracle/graal,15869,32,5
81,brettwooldridge/HikariCP,https://github.com/brettwooldridge/HikariCP,15704,0,7
82,apache/rocketmq,https://github.com/apache/rocketmq,15289,3,4
83,EnterpriseQualityCoding/FizzBuzzEnterpriseEdition,https://github.com/EnterpriseQualityCoding/FizzBuzzEnterpriseEdition,15078,0,8
84,winterbe/java8-tutorial,https://github.com/winterbe/java8-tutorial,15001,0,7
85,android10/Android-CleanArchitecture,https://github.com/android10/Android-CleanArchitecture,14947,0,7
86,TeamNewPipe/NewPipe,https://github.com/TeamNewPipe/NewPipe,14895,107,6
87,openzipkin/zipkin,https://github.com/openzipkin/zipkin,14692,62,9
88,apache/shardingsphere,https://github.com/apache/shardingsphere,14504,44,5
89,JeffLi1993/springboot-learning-example,https://github.com/JeffLi1993/springboot-learning-example,14490,0,4
90,lottie-react-native/lottie-react-native,https://github.com/lottie-react-native/lottie-react-native,14439,3,4
91,LMAX-Exchange/disruptor,https://github.com/LMAX-Exchange/disruptor,14062,12,8
92,hdodenhof/CircleImageView,https://github.com/hdodenhof/CircleImageView,14005,0,7
93,lgvalle/Material-Animations,https://github.com/lgvalle/Material-Animations,13583,0,6
94,dyc87112/SpringBoot-Learning,https://github.com/dyc87112/SpringBoot-Learning,13526,0,5
95,alibaba/ARouter,https://github.com/alibaba/ARouter,13407,16,4
96,Tencent/QMUI_Android,https://github.com/Tencent/QMUI_Android,13150,35,4
97,orhanobut/logger,https://github.com/orhanobut/logger,12976,16,6
98,Bigkoo/Android-PickerView,https://github.com/Bigkoo/Android-PickerView,12908,0,6
99,material-components/material-components-android,https://github.com/material-components/material-components-android,12787,41,4
100,LuckSiege/PictureSelector,https://github.com/LuckSiege/PictureSelector,10790,97,4
101,zhisheng17/flink-learning,https://github.com/zhisheng17/flink-learning,10766,0,2
102,permissions-dispatcher/PermissionsDispatcher,https://github.com/permissions-dispatcher/PermissionsDispatcher,10762,40,6
103,Netflix/eureka,https://github.com/Netflix/eureka,10712,141,9
104,pagehelper/Mybatis-PageHelper,https://github.com/pagehelper/Mybatis-PageHelper,10621,8,7
105,antlr/antlr4,https://github.com/antlr/antlr4,10606,22,11
106,projectlombok/lombok,https://github.com/projectlombok/lombok,10524,3,12
107,hyb1996/Auto.js,https://github.com/hyb1996/Auto.js,10447,0,4
108,google/guice,https://github.com/google/guice,10414,14,7
109,ben-manes/caffeine,https://github.com/ben-manes/caffeine,10398,55,6
110,lipangit/JiaoZiVideoPlayer,https://github.com/lipangit/JiaoZiVideoPlayer,10386,78,5
111,H07000223/FlycoTabLayout,https://github.com/H07000223/FlycoTabLayout,10386,4,5
112,heibaiying/BigData-Notes,https://github.com/heibaiying/BigData-Notes,10382,0,2
113,jeasonlzy/okhttp-OkGo,https://github.com/jeasonlzy/okhttp-OkGo,10373,14,5
114,java-decompiler/jd-gui,https://github.com/java-decompiler/jd-gui,10355,18,6
115,lingochamp/FileDownloader,https://github.com/lingochamp/FileDownloader,10293,65,5
116,JakeWharton/ViewPagerIndicator,https://github.com/JakeWharton/ViewPagerIndicator,10232,0,10
117,tbruyelle/RxPermissions,https://github.com/tbruyelle/RxPermissions,10229,11,5
118,frank-lam/fullstack-tutorial,https://github.com/frank-lam/fullstack-tutorial,10040,0,3
119,redis/jedis,https://github.com/redis/jedis,10033,49,11
120,code4craft/webmagic,https://github.com/code4craft/webmagic,10018,20,8
121,keycloak/keycloak,https://github.com/keycloak/keycloak,9948,11,8
122,mission-peace/interview,https://github.com/mission-peace/interview,9937,0,7
123,apache/zookeeper,https://github.com/apache/zookeeper,9823,0,12
124,YoKeyword/Fragmentation,https://github.com/YoKeyword/Fragmentation,9704,30,5
125,aosp-mirror/platform_frameworks_base,https://github.com/aosp-mirror/platform_frameworks_base,9702,0,12
126,daniulive/SmarterStreaming,https://github.com/daniulive/SmarterStreaming,9679,0,5
127,liaohuqiu/android-Ultra-Pull-To-Refresh,https://github.com/liaohuqiu/android-Ultra-Pull-To-Refresh,9674,8,6
128,ksoichiro/Android-ObservableScrollView,https://github.com/ksoichiro/Android-ObservableScrollView,9622,0,6
129,OpenAPITools/openapi-generator,https://github.com/OpenAPITools/openapi-generator,9616,42,3
130,alibaba/DataX,https://github.com/alibaba/DataX,9585,0,3
131,janishar/mit-deep-learning-book-pdf,https://github.com/janishar/mit-deep-learning-book-pdf,9569,3,4
132,apache/pulsar,https://github.com/apache/pulsar,9566,50,5
133,HarlonWang/AVLoadingIndicatorView,https://github.com/HarlonWang/AVLoadingIndicatorView,9551,1,5
134,macrozheng/mall-learning,https://github.com/macrozheng/mall-learning,9522,0,2
135,pockethub/PocketHub,https://github.com/pockethub/PocketHub,9472,1,10
136,wasabeef/glide-transformations,https://github.com/wasabeef/glide-transformations,9453,0,6
137,google/auto,https://github.com/google/auto,9386,51,8
138,react-native-camera/react-native-camera,https://github.com/react-native-camera/react-native-camera,9365,142,6
139,umano/AndroidSlidingUpPanel,https://github.com/umano/AndroidSlidingUpPanel,9322,8,8
140,neo4j/neo4j,https://github.com/neo4j/neo4j,9288,72,8
141,googlesamples/easypermissions,https://github.com/googlesamples/easypermissions,9243,12,5
142,thingsboard/thingsboard,https://github.com/thingsboard/thingsboard,9205,44,4
143,perwendel/spark,https://github.com/perwendel/spark,9159,0,10
144,square/javapoet,https://github.com/square/javapoet,9124,0,8
145,navasmdc/MaterialDesignLibrary,https://github.com/navasmdc/MaterialDesignLibrary,9120,3,6
146,clojure/clojure,https://github.com/clojure/clojure,9085,0,11
147,bilibili/DanmakuFlameMaster,https://github.com/bilibili/DanmakuFlameMaster,9060,5,8
148,MyCATApache/Mycat-Server,https://github.com/MyCATApache/Mycat-Server,9046,7,6
149,grpc/grpc-java,https://github.com/grpc/grpc-java,9040,96,6
150,jhy/jsoup,https://github.com/jhy/jsoup,9001,4,11
151,careercup/CtCI-6th-Edition,https://github.com/careercup/CtCI-6th-Edition,8991,0,6
152,pxb1988/dex2jar,https://github.com/pxb1988/dex2jar,8923,4,6
153,koral--/android-gif-drawable,https://github.com/koral--/android-gif-drawable,8922,55,8
154,apereo/cas,https://github.com/apereo/cas,8919,191,10
155,termux/termux-app,https://github.com/termux/termux-app,8905,88,5
156,hackware1993/MagicIndicator,https://github.com/hackware1993/MagicIndicator,8853,12,5
157,lihengming/spring-boot-api-project-seed,https://github.com/lihengming/spring-boot-api-project-seed,8826,4,4
158,zaproxy/zaproxy,https://github.com/zaproxy/zaproxy,8786,227,6
159,DuGuQiuBai/Java,https://github.com/DuGuQiuBai/Java,8657,0,5
160,lzyzsd/JsBridge,https://github.com/lzyzsd/JsBridge,8628,0,6
161,chrisjenx/Calligraphy,https://github.com/chrisjenx/Calligraphy,8624,4,7
162,didi/VirtualAPK,https://github.com/didi/VirtualAPK,8521,4,4
163,Freelander/Android_Data,https://github.com/Freelander/Android_Data,8428,0,6
164,TooTallNate/Java-WebSocket,https://github.com/TooTallNate/Java-WebSocket,8391,13,11
165,OpenRefine/OpenRefine,https://github.com/OpenRefine/OpenRefine,8343,27,8
166,florent37/MaterialViewPager,https://github.com/florent37/MaterialViewPager,8225,11,6
167,Blankj/awesome-java-leetcode,https://github.com/Blankj/awesome-java-leetcode,8202,0,4
168,android/testing-samples,https://github.com/android/testing-samples,8196,0,6
169,junit-team/junit4,https://github.com/junit-team/junit4,8189,13,12
170,stanfordnlp/CoreNLP,https://github.com/stanfordnlp/CoreNLP,8138,4,8
171,facebook/buck,https://github.com/facebook/buck,8036,56,8
172,asLody/VirtualApp,https://github.com/asLody/VirtualApp,8015,0,5
173,Activiti/Activiti,https://github.com/Activiti/Activiti,8012,27,8
174,alibaba/atlas,https://github.com/alibaba/atlas,7993,7,4
175,ybq/Android-SpinKit,https://github.com/ybq/Android-SpinKit,7993,0,5
176,crossoverJie/cim,https://github.com/crossoverJie/cim,7929,7,3
177,HannahMitt/HomeMirror,https://github.com/HannahMitt/HomeMirror,7905,0,6
178,amitshekhariitbhu/Android-Debug-Database,https://github.com/amitshekhariitbhu/Android-Debug-Database,7885,12,4
179,ChrisRM/material-theme-jetbrains,https://github.com/ChrisRM/material-theme-jetbrains,7884,17,5
180,newbee-ltd/newbee-mall,https://github.com/newbee-ltd/newbee-mall,7838,0,1
181,firebase/quickstart-android,https://github.com/firebase/quickstart-android,7823,0,5
182,MindorksOpenSource/android-interview-questions,https://github.com/MindorksOpenSource/android-interview-questions,7815,0,4
183,Netflix/SimianArmy,https://github.com/Netflix/SimianArmy,7792,4,9
184,jwtk/jjwt,https://github.com/jwtk/jjwt,7743,0,6
185,JakeWharton/hugo,https://github.com/JakeWharton/hugo,7699,0,7
186,trello/RxLifecycle,https://github.com/trello/RxLifecycle,7680,22,6
187,hs-web/hsweb-framework,https://github.com/hs-web/hsweb-framework,7657,22,5
188,square/moshi,https://github.com/square/moshi,7582,0,7
189,airbnb/epoxy,https://github.com/airbnb/epoxy,7508,68,5
190,kaushikgopal/RxJava-Android-Samples,https://github.com/kaushikgopal/RxJava-Android-Samples,7489,0,7
191,OpenFeign/feign,https://github.com/OpenFeign/feign,7396,20,8
192,macrozheng/mall-swarm,https://github.com/macrozheng/mall-swarm,7334,1,1
193,google/agera,https://github.com/google/agera,7296,16,5
194,square/dagger,https://github.com/square/dagger,7276,0,9
195,Bearded-Hen/Android-Bootstrap,https://github.com/Bearded-Hen/Android-Bootstrap,7236,5,7
196,cymcsg/UltimateRecyclerView,https://github.com/cymcsg/UltimateRecyclerView,7230,9,6
197,apache/shardingsphere-elasticjob,https://github.com/apache/shardingsphere-elasticjob,7223,26,6
198,JakeWharton/ActionBarSherlock,https://github.com/JakeWharton/ActionBarSherlock,7177,32,10
199,crazycodeboy/TakePhoto,https://github.com/crazycodeboy/TakePhoto,7158,15,6
200,hackware1993/MagicIndicator,https://github.com/hackware1993/MagicIndicator,8853,12,5
201,lihengming/spring-boot-api-project-seed,https://github.com/lihengming/spring-boot-api-project-seed,8826,4,4
202,chrisbanes/Android-PullToRefresh,https://github.com/chrisbanes/Android-PullToRefresh,8812,0,9
203,zaproxy/zaproxy,https://github.com/zaproxy/zaproxy,8786,227,6
204,laobie/StatusBarUtil,https://github.com/laobie/StatusBarUtil,8692,0,5
205,DuGuQiuBai/Java,https://github.com/DuGuQiuBai/Java,8657,0,5
206,lzyzsd/JsBridge,https://github.com/lzyzsd/JsBridge,8628,0,6
207,chrisjenx/Calligraphy,https://github.com/chrisjenx/Calligraphy,8624,4,7
208,didi/VirtualAPK,https://github.com/didi/VirtualAPK,8521,4,4
209,roughike/BottomBar,https://github.com/roughike/BottomBar,8453,4,5
210,quarkusio/quarkus,https://github.com/quarkusio/quarkus,8452,137,3
211,Freelander/Android_Data,https://github.com/Freelander/Android_Data,8428,0,6
212,TooTallNate/Java-WebSocket,https://github.com/TooTallNate/Java-WebSocket,8391,13,11
213,GcsSloop/AndroidNote,https://github.com/GcsSloop/AndroidNote,8357,0,5
214,OpenRefine/OpenRefine,https://github.com/OpenRefine/OpenRefine,8343,27,8
215,florent37/MaterialViewPager,https://github.com/florent37/MaterialViewPager,8225,11,6
216,Justson/AgentWeb,https://github.com/Justson/AgentWeb,8223,16,4
217,Blankj/awesome-java-leetcode,https://github.com/Blankj/awesome-java-leetcode,8202,0,4
218,android/testing-samples,https://github.com/android/testing-samples,8196,0,6
219,junit-team/junit4,https://github.com/junit-team/junit4,8189,13,12
220,stanfordnlp/CoreNLP,https://github.com/stanfordnlp/CoreNLP,8138,4,8
221,cats-oss/android-gpuimage,https://github.com/cats-oss/android-gpuimage,8072,0,8
222,facebook/buck,https://github.com/facebook/buck,8036,56,8
223,dropwizard/dropwizard,https://github.com/dropwizard/dropwizard,8031,109,10
224,asLody/VirtualApp,https://github.com/asLody/VirtualApp,8015,0,5
225,Activiti/Activiti,https://github.com/Activiti/Activiti,8012,27,8
226,alibaba/atlas,https://github.com/alibaba/atlas,7993,7,4
227,ybq/Android-SpinKit,https://github.com/ybq/Android-SpinKit,7993,0,5
228,crossoverJie/cim,https://github.com/crossoverJie/cim,7929,7,3
229,HannahMitt/HomeMirror,https://github.com/HannahMitt/HomeMirror,7905,0,6
230,amitshekhariitbhu/Android-Debug-Database,https://github.com/amitshekhariitbhu/Android-Debug-Database,7885,12,4
231,ChrisRM/material-theme-jetbrains,https://github.com/ChrisRM/material-theme-jetbrains,7884,17,5
232,newbee-ltd/newbee-mall,https://github.com/newbee-ltd/newbee-mall,7838,0,1
233,firebase/quickstart-android,https://github.com/firebase/quickstart-android,7823,0,5
234,MindorksOpenSource/android-interview-questions,https://github.com/MindorksOpenSource/android-interview-questions,7815,0,4
235,huanghaibin-dev/CalendarView,https://github.com/huanghaibin-dev/CalendarView,7814,0,4
236,Netflix/SimianArmy,https://github.com/Netflix/SimianArmy,7792,4,9
237,jwtk/jjwt,https://github.com/jwtk/jjwt,7743,0,6
238,guolindev/LitePal,https://github.com/guolindev/LitePal,7725,0,8
239,JakeWharton/hugo,https://github.com/JakeWharton/hugo,7699,0,7
240,trello/RxLifecycle,https://github.com/trello/RxLifecycle,7680,22,6
241,hs-web/hsweb-framework,https://github.com/hs-web/hsweb-framework,7657,22,5
242,shwenzhang/AndResGuard,https://github.com/shwenzhang/AndResGuard,7645,4,5
243,square/moshi,https://github.com/square/moshi,7582,0,7
244,airbnb/epoxy,https://github.com/airbnb/epoxy,7508,68,5
245,kaushikgopal/RxJava-Android-Samples,https://github.com/kaushikgopal/RxJava-Android-Samples,7489,0,7
246,dropwizard/metrics,https://github.com/dropwizard/metrics,7418,70,11
247,OpenFeign/feign,https://github.com/OpenFeign/feign,7396,20,8
248,aritraroy/UltimateAndroidReference,https://github.com/aritraroy/UltimateAndroidReference,7365,0,4
249,macrozheng/mall-swarm,https://github.com/macrozheng/mall-swarm,7334,1,1
250,google/agera,https://github.com/google/agera,7296,16,5
251,square/dagger,https://github.com/square/dagger,7276,0,9
252,react-native-image-picker/react-native-image-picker,https://github.com/react-native-image-picker/react-native-image-picker,7275,83,6
253,facebook/litho,https://github.com/facebook/litho,7264,46,4
254,Bearded-Hen/Android-Bootstrap,https://github.com/Bearded-Hen/Android-Bootstrap,7236,5,7
255,cymcsg/UltimateRecyclerView,https://github.com/cymcsg/UltimateRecyclerView,7230,9,6
256,resilience4j/resilience4j,https://github.com/resilience4j/resilience4j,7229,29,6
257,apache/shardingsphere-elasticjob,https://github.com/apache/shardingsphere-elasticjob,7223,26,6
258,lecho/hellocharts-android,https://github.com/lecho/hellocharts-android,7215,14,6
259,pedant/sweet-alert-dialog,https://github.com/pedant/sweet-alert-dialog,7205,2,6
260,JakeWharton/ActionBarSherlock,https://github.com/JakeWharton/ActionBarSherlock,7177,32,10
261,doocs/jvm,https://github.com/doocs/jvm,7171,0,3
262,crazycodeboy/TakePhoto,https://github.com/crazycodeboy/TakePhoto,7158,15,6
263,vipshop/vjtools,https://github.com/vipshop/vjtools,7144,9,3
264,geeeeeeeeek/WeChatLuckyMoney,https://github.com/geeeeeeeeek/WeChatLuckyMoney,7110,20,5
265,google/tsunami-security-scanner,https://github.com/google/tsunami-security-scanner,7106,4,1
266,koush/AndroidAsync,https://github.com/koush/AndroidAsync,7093,0,9
267,leolin310148/ShortcutBadger,https://github.com/leolin310148/ShortcutBadger,7065,0,7
268,gedoor/MyBookshelf,https://github.com/gedoor/MyBookshelf,7031,160,3
269,signalapp/Signal-Server,https://github.com/signalapp/Signal-Server,7012,0,7
270,doocs/source-code-hunter,https://github.com/doocs/source-code-hunter,7011,0,1
271,davemorrissey/subsampling-scale-image-view,https://github.com/davemorrissey/subsampling-scale-image-view,6988,21,8
272,ogaclejapan/SmartTabLayout,https://github.com/ogaclejapan/SmartTabLayout,6946,0,6
273,doocs/leetcode,https://github.com/doocs/leetcode,6943,16,2
274,google/android-classyshark,https://github.com/google/android-classyshark,6861,17,5
275,hongyangAndroid/okhttputils,https://github.com/hongyangAndroid/okhttputils,6859,0,6
276,Qihoo360/RePlugin,https://github.com/Qihoo360/RePlugin,6852,17,4
277,apache/cassandra,https://github.com/apache/cassandra,6843,0,12
278,swagger-api/swagger-core,https://github.com/swagger-api/swagger-core,6831,66,10
279,alibaba/otter,https://github.com/alibaba/otter,6778,10,8
280,dyc87112/SpringCloud-Learning,https://github.com/dyc87112/SpringCloud-Learning,6772,0,5
281,barteksc/AndroidPdfViewer,https://github.com/barteksc/AndroidPdfViewer,6742,0,5
282,zhoutaoo/SpringCloud,https://github.com/zhoutaoo/SpringCloud,6740,0,4
283,kevin-wayne/algs4,https://github.com/kevin-wayne/algs4,6734,0,6
284,java-native-access/jna,https://github.com/java-native-access/jna,6729,0,10
285,hongyangAndroid/AndroidAutoLayout,https://github.com/hongyangAndroid/AndroidAutoLayout,6717,0,5
286,goldze/MVVMHabit,https://github.com/goldze/MVVMHabit,6646,3,4
287,DroidPluginTeam/DroidPlugin,https://github.com/DroidPluginTeam/DroidPlugin,6632,2,6
288,KunMinX/Jetpack-MVVM-Best-Practice,https://github.com/KunMinX/Jetpack-MVVM-Best-Practice,6611,0,1
289,naman14/Timber,https://github.com/naman14/Timber,6610,5,6
290,abel533/Mapper,https://github.com/abel533/Mapper,6597,2,6
291,seven332/EhViewer,https://github.com/seven332/EhViewer,6577,97,7
292,yanzhenjie/AndPermission,https://github.com/yanzhenjie/AndPermission,6546,0,4
293,NLPchina/elasticsearch-sql,https://github.com/NLPchina/elasticsearch-sql,6491,165,7
294,uber/RIBs,https://github.com/uber/RIBs,6470,4,3
295,Exrick/xmall,https://github.com/Exrick/xmall,6403,0,4
296,apache/dolphinscheduler,https://github.com/apache/dolphinscheduler,6390,17,2
297,Angel-ML/angel,https://github.com/Angel-ML/angel,6383,19,4
298,zendesk/android-floating-action-button,https://github.com/zendesk/android-floating-action-button,6343,0,6
299,yuanguangxin/LeetCode,https://github.com/yuanguangxin/LeetCode,6296,0,1
300,koush/ion,https://github.com/koush/ion,6281,0,8
301,apache/storm,https://github.com/apache/storm,6272,0,7
302,vinc3m1/RoundedImageView,https://github.com/vinc3m1/RoundedImageView,6245,19,8
303,json-path/JsonPath,https://github.com/json-path/JsonPath,6239,7,10
304,gocd/gocd,https://github.com/gocd/gocd,6226,68,7
305,GrenderG/Toasty,https://github.com/GrenderG/Toasty,6226,19,4
306,lenve/VBlog,https://github.com/lenve/VBlog,6211,0,3
307,checkstyle/checkstyle,https://github.com/checkstyle/checkstyle,6208,107,8
308,spring-projects/spring-security,https://github.com/spring-projects/spring-security,6205,74,9
309,wildfirechat/server,https://github.com/wildfirechat/server,6204,48,2
310,Meituan-Dianping/walle,https://github.com/Meituan-Dianping/walle,6190,1,4
311,k9mail/k-9,https://github.com/k9mail/k-9,6175,112,10
312,markzhai/AndroidPerformanceMonitor,https://github.com/markzhai/AndroidPerformanceMonitor,6164,0,5
313,ionic-team/capacitor,https://github.com/ionic-team/capacitor,6157,63,3
314,google/closure-compiler,https://github.com/google/closure-compiler,6138,0,7
315,ikew0ng/SwipeBackLayout,https://github.com/ikew0ng/SwipeBackLayout,6123,0,8
316,rengwuxian/MaterialEditText,https://github.com/rengwuxian/MaterialEditText,6105,19,6
317,flyway/flyway,https://github.com/flyway/flyway,6095,109,8
318,zo0r/react-native-push-notification,https://github.com/zo0r/react-native-push-notification,6086,34,5
319,guardianproject/haven,https://github.com/guardianproject/haven,6066,37,4
320,rey5137/material,https://github.com/rey5137/material,6064,10,6
321,SonarSource/sonarqube,https://github.com/SonarSource/sonarqube,6063,11,10
322,pedrovgs/EffectiveAndroidUI,https://github.com/pedrovgs/EffectiveAndroidUI,6061,0,7
323,NanoHttpd/nanohttpd,https://github.com/NanoHttpd/nanohttpd,6047,3,9
324,dromara/Sa-Token,https://github.com/dromara/Sa-Token,6039,20,1
325,google/physical-web,https://github.com/google/physical-web,6037,17,6
326,TechEmpower/FrameworkBenchmarks,https://github.com/TechEmpower/FrameworkBenchmarks,6021,15,8
327,processing/processing,https://github.com/processing/processing,5988,48,8
328,NLPchina/ansj_seg,https://github.com/NLPchina/ansj_seg,5984,3,9
329,smuyyh/BookReader,https://github.com/smuyyh/BookReader,5965,0,5
330,antoniolg/androidmvp,https://github.com/antoniolg/androidmvp,5957,0,7
331,zouzg/mybatis-generator-gui,https://github.com/zouzg/mybatis-generator-gui,5948,16,5
332,singwhatiwanna/dynamic-load-apk,https://github.com/singwhatiwanna/dynamic-load-apk,5947,0,7
333,daimajia/NumberProgressBar,https://github.com/daimajia/NumberProgressBar,5936,3,7
334,li-xiaojun/XPopup,https://github.com/li-xiaojun/XPopup,5917,155,2
335,aa112901/remusic,https://github.com/aa112901/remusic,5913,0,5
336,wyouflf/xUtils3,https://github.com/wyouflf/xUtils3,5902,9,5
337,ArthurHub/Android-Image-Cropper,https://github.com/ArthurHub/Android-Image-Cropper,5881,32,6
338,Graylog2/graylog2-server,https://github.com/Graylog2/graylog2-server,5837,28,11
339,react-native-video/react-native-video,https://github.com/react-native-video/react-native-video,5837,5,6
340,kekingcn/kkFileView,https://github.com/kekingcn/kkFileView,5830,10,3
341,google/j2objc,https://github.com/google/j2objc,5824,39,7
342,AsyncHttpClient/async-http-client,https://github.com/AsyncHttpClient/async-http-client,5819,0,10
343,springside/springside4,https://github.com/springside/springside4,5805,3,9
344,cryptomator/cryptomator,https://github.com/cryptomator/cryptomator,5764,111,7
345,ityouknow/spring-cloud-examples,https://github.com/ityouknow/spring-cloud-examples,5755,0,4
346,JakeWharton/u2020,https://github.com/JakeWharton/u2020,5734,0,7
347,Nightonke/BoomMenu,https://github.com/Nightonke/BoomMenu,5731,0,5
348,weibocom/motan,https://github.com/weibocom/motan,5723,16,5
349,prolificinteractive/material-calendarview,https://github.com/prolificinteractive/material-calendarview,5719,22,6
350,Devlight/InfiniteCycleViewPager,https://github.com/Devlight/InfiniteCycleViewPager,5697,2,5
351,google/error-prone,https://github.com/google/error-prone,5689,15,7
352,real-logic/aeron,https://github.com/real-logic/aeron,5673,77,7
353,daimajia/AndroidImageSlider,https://github.com/daimajia/AndroidImageSlider,5644,5,7
354,nhaarman/ListViewAnimations,https://github.com/nhaarman/ListViewAnimations,5642,14,8
355,sohutv/cachecloud,https://github.com/sohutv/cachecloud,5639,5,5
356,Tencent/Shadow,https://github.com/Tencent/Shadow,5624,2,2
357,JakeWharton/DiskLruCache,https://github.com/JakeWharton/DiskLruCache,5619,0,9
358,react-native-svg/react-native-svg,https://github.com/react-native-svg/react-native-svg,5611,75,5
359,wasabeef/richeditor-android,https://github.com/wasabeef/richeditor-android,5610,0,6
360,sshahine/JFoenix,https://github.com/sshahine/JFoenix,5607,0,6
361,apache/tomcat,https://github.com/apache/tomcat,5579,0,9
362,ximsfei/Android-skin-support,https://github.com/ximsfei/Android-skin-support,5578,0,4
363,febsteam/FEBS-Shiro,https://github.com/febsteam/FEBS-Shiro,5569,0,3
364,amlcurran/ShowcaseView,https://github.com/amlcurran/ShowcaseView,5562,13,9
365,joelittlejohn/jsonschema2pojo,https://github.com/joelittlejohn/jsonschema2pojo,5555,58,8
366,lets-blade/blade,https://github.com/lets-blade/blade,5550,9,6
367,hongyangAndroid/FlowLayout,https://github.com/hongyangAndroid/FlowLayout,5524,0,6
368,metersphere/metersphere,https://github.com/metersphere/metersphere,5519,95,1
369,dmytrodanylyk/circular-progress-button,https://github.com/dmytrodanylyk/circular-progress-button,5517,0,7
370,apache/jmeter,https://github.com/apache/jmeter,5516,0,11
371,emilsjolander/StickyListHeaders,https://github.com/emilsjolander/StickyListHeaders,5514,16,9
372,rabbitmq/rabbitmq-tutorials,https://github.com/rabbitmq/rabbitmq-tutorials,5506,0,10
373,yarolegovich/DiscreteScrollView,https://github.com/yarolegovich/DiscreteScrollView,5505,2,4
374,alibaba/COLA,https://github.com/alibaba/COLA,5505,3,3
375,k0shk0sh/FastHub,https://github.com/k0shk0sh/FastHub,5501,63,4
376,rest-assured/rest-assured,https://github.com/rest-assured/rest-assured,5497,0,10
377,liyifeng1994/ssm,https://github.com/liyifeng1994/ssm,5495,0,5
378,knightliao/disconf,https://github.com/knightliao/disconf,5476,12,7
379,alibaba/freeline,https://github.com/alibaba/freeline,5474,22,5
380,facebookarchive/rebound,https://github.com/facebookarchive/rebound,5472,10,7
381,jpush/aurora-imui,https://github.com/jpush/aurora-imui,5469,42,4
382,sockeqwe/mosby,https://github.com/sockeqwe/mosby,5455,15,6
383,mrniko/netty-socketio,https://github.com/mrniko/netty-socketio,5447,3,9
384,dm77/barcodescanner,https://github.com/dm77/barcodescanner,5408,6,7
385,jgilfelt/SystemBarTint,https://github.com/jgilfelt/SystemBarTint,5402,3,7
386,apache/zeppelin,https://github.com/apache/zeppelin,5389,0,6
387,evant/gradle-retrolambda,https://github.com/evant/gradle-retrolambda,5383,37,8
388,lightbend/config,https://github.com/lightbend/config,5382,0,9
389,evernote/android-job,https://github.com/evernote/android-job,5374,31,6
390,wxiaoqi/Spring-Cloud-Platform,https://github.com/wxiaoqi/Spring-Cloud-Platform,5345,3,4
391,haifengl/smile,https://github.com/haifengl/smile,5338,22,6
392,languagetool-org/languagetool,https://github.com/languagetool-org/languagetool,5334,0,8
393,bytedeco/javacv,https://github.com/bytedeco/javacv,5333,7,7
394,debezium/debezium,https://github.com/debezium/debezium,5330,0,5
395,springfox/springfox,https://github.com/springfox/springfox,5330,12,9
396,robolectric/robolectric,https://github.com/robolectric/robolectric,5316,75,11
397,google/grafika,https://github.com/google/grafika,5313,1,7
398,amitshekhariitbhu/Fast-Android-Networking,https://github.com/amitshekhariitbhu/Fast-Android-Networking,5294,8,5
399,lucasr/twoway-view,https://github.com/lucasr/twoway-view,5273,0,8
400,JZ-Darkal/AndroidHttpCapture,https://github.com/JZ-Darkal/AndroidHttpCapture,3732,1,4
401,yanzhenjie/NoHttp,https://github.com/yanzhenjie/NoHttp,3720,0,6
402,rstudio/rstudio,https://github.com/rstudio/rstudio,3718,0,10
403,opensearch-project/OpenSearch,https://github.com/opensearch-project/OpenSearch,3716,5,0
404,microsoft/malmo,https://github.com/microsoft/malmo,3708,21,5
405,Genymobile/gnirehtet,https://github.com/Genymobile/gnirehtet,3692,11,4
406,zzhoujay/RichText,https://github.com/zzhoujay/RichText,3689,0,6
407,databricks/learning-spark,https://github.com/databricks/learning-spark,3681,0,7
408,lzyzsd/CircleProgress,https://github.com/lzyzsd/CircleProgress,3675,0,6
409,bisq-network/bisq,https://github.com/bisq-network/bisq,3664,113,7
410,hussien89aa/AndroidTutorialForBeginners,https://github.com/hussien89aa/AndroidTutorialForBeginners,3663,0,4
411,android/views-widgets-samples,https://github.com/android/views-widgets-samples,3657,0,2
412,yangfuhai/ASimpleCache,https://github.com/yangfuhai/ASimpleCache,3635,0,8
413,eirslett/frontend-maven-plugin,https://github.com/eirslett/frontend-maven-plugin,3631,0,8
414,pqpo/SmartCropper,https://github.com/pqpo/SmartCropper,3629,13,4
415,vespa-engine/vespa,https://github.com/vespa-engine/vespa,3623,0,5
416,powermock/powermock,https://github.com/powermock/powermock,3619,16,7
417,ryanhoo/StylishMusicPlayer,https://github.com/ryanhoo/StylishMusicPlayer,3618,0,4
418,react-native-webrtc/react-native-webrtc,https://github.com/react-native-webrtc/react-native-webrtc,3616,37,5
419,willowtreeapps/spruce-android,https://github.com/willowtreeapps/spruce-android,3612,3,4
420,aws/aws-sdk-java,https://github.com/aws/aws-sdk-java,3605,0,11
421,meefik/linuxdeploy,https://github.com/meefik/linuxdeploy,3594,37,9
422,johncarl81/parceler,https://github.com/johncarl81/parceler,3593,0,8
423,binIoter/GuideView,https://github.com/binIoter/GuideView,3577,0,5
424,sunfusheng/MarqueeView,https://github.com/sunfusheng/MarqueeView,3569,0,5
425,dongjunkun/DropDownMenu,https://github.com/dongjunkun/DropDownMenu,3563,2,6
426,apache/incubator-heron,https://github.com/apache/incubator-heron,3560,55,5
427,tyrantgit/ExplosionField,https://github.com/tyrantgit/ExplosionField,3559,0,5
428,luontola/retrolambda,https://github.com/luontola/retrolambda,3552,0,8
429,mercyblitz/tech-weekly,https://github.com/mercyblitz/tech-weekly,3545,0,2
430,lsjwzh/RecyclerViewPager,https://github.com/lsjwzh/RecyclerViewPager,3543,10,6
431,cabaletta/baritone,https://github.com/cabaletta/baritone,3537,56,3
432,tuguangquan/mybatis,https://github.com/tuguangquan/mybatis,3536,0,6
433,kikoso/android-stackblur,https://github.com/kikoso/android-stackblur,3530,0,8
434,linkedin/datahub,https://github.com/linkedin/datahub,3523,28,5
435,Netflix/conductor,https://github.com/Netflix/conductor,3523,259,4
436,xcc3641/SeeWeather,https://github.com/xcc3641/SeeWeather,3487,2,5
437,openhab/openhab1-addons,https://github.com/openhab/openhab1-addons,3479,14,7
438,JakeWharton/ThreeTenABP,https://github.com/JakeWharton/ThreeTenABP,3476,0,6
439,querydsl/querydsl,https://github.com/querydsl/querydsl,3470,34,10
440,CameraKit/blurkit-android,https://github.com/CameraKit/blurkit-android,3462,3,4
441,andremion/Music-Player,https://github.com/andremion/Music-Player,3456,2,5
442,davideas/FlexibleAdapter,https://github.com/davideas/FlexibleAdapter,3455,30,6
443,TeamAmaze/AmazeFileManager,https://github.com/TeamAmaze/AmazeFileManager,3450,52,7
444,jitsi/jitsi,https://github.com/jitsi/jitsi,3449,7,8
445,dropbox/hackpad,https://github.com/dropbox/hackpad,3448,0,6
446,bilibili/MagicaSakura,https://github.com/bilibili/MagicaSakura,3447,3,5
447,failsafe-lib/failsafe,https://github.com/failsafe-lib/failsafe,3443,0,6
448,guolindev/giffun,https://github.com/guolindev/giffun,3438,0,2
449,avast/android-butterknife-zelezny,https://github.com/avast/android-butterknife-zelezny,3434,8,7
450,sofastack/sofa-rpc,https://github.com/sofastack/sofa-rpc,3411,39,3
451,yigit/android-priority-jobqueue,https://github.com/yigit/android-priority-jobqueue,3407,0,7
452,google/rejoiner,https://github.com/google/rejoiner,3401,3,3
453,xuexiangjys/XUI,https://github.com/xuexiangjys/XUI,3400,20,2
454,crossoverJie/SSM,https://github.com/crossoverJie/SSM,3381,10,5
455,linyiqun/DataMiningAlgorithm,https://github.com/linyiqun/DataMiningAlgorithm,3374,0,6
456,ivacf/archi,https://github.com/ivacf/archi,3373,0,6
457,Exrick/xboot,https://github.com/Exrick/xboot,3372,6,3
458,rovo89/XposedInstaller,https://github.com/rovo89/XposedInstaller,3357,0,9
459,LWJGL/lwjgl3,https://github.com/LWJGL/lwjgl3,3355,14,8
460,mock-server/mockserver,https://github.com/mock-server/mockserver,3353,0,8
461,WVector/AppUpdate,https://github.com/WVector/AppUpdate,3345,3,4
462,mcxtzhang/SwipeDelMenuLayout,https://github.com/mcxtzhang/SwipeDelMenuLayout,3342,2,5
463,alamkanak/Android-Week-View,https://github.com/alamkanak/Android-Week-View,3328,4,6
464,ethanhua/Skeleton,https://github.com/ethanhua/Skeleton,3317,0,4
465,graphhopper/graphhopper,https://github.com/graphhopper/graphhopper,3316,33,9
466,actorapp/actor-platform,https://github.com/actorapp/actor-platform,3314,97,6
467,j-easy/easy-rules,https://github.com/j-easy/easy-rules,3314,10,8
468,abel533/MyBatis-Spring-Boot,https://github.com/abel533/MyBatis-Spring-Boot,3310,0,5
469,web3j/web3j,https://github.com/web3j/web3j,3302,90,5
470,jeremylong/DependencyCheck,https://github.com/jeremylong/DependencyCheck,3302,19,9
471,googlemaps/android-maps-utils,https://github.com/googlemaps/android-maps-utils,3298,22,8
472,line/armeria,https://github.com/line/armeria,3276,190,5
473,code4craft/netty-learning,https://github.com/code4craft/netty-learning,3272,0,7
474,jboss-javassist/javassist,https://github.com/jboss-javassist/javassist,3271,18,8
475,sherxon/AlgoDS,https://github.com/sherxon/AlgoDS,3265,0,4
476,iammert/ScalingLayout,https://github.com/iammert/ScalingLayout,3265,4,3
477,linkedin/databus,https://github.com/linkedin/databus,3263,0,8
478,rubensousa/PreviewSeekBar,https://github.com/rubensousa/PreviewSeekBar,3256,7,4
479,liuyubobobo/Play-with-Algorithms,https://github.com/liuyubobobo/Play-with-Algorithms,3251,0,5
480,tangqi92/Android-Tips,https://github.com/tangqi92/Android-Tips,3243,0,6
481,bluelinelabs/LoganSquare,https://github.com/bluelinelabs/LoganSquare,3242,0,6
482,ittianyu/BottomNavigationViewEx,https://github.com/ittianyu/BottomNavigationViewEx,3225,19,4
483,ragunathjawahar/android-saripaar,https://github.com/ragunathjawahar/android-saripaar,3221,3,9
484,java-aodeng/hope-boot,https://github.com/java-aodeng/hope-boot,3221,2,2
485,hmkcode/Android,https://github.com/hmkcode/Android,3220,0,8
486,bilibili/boxing,https://github.com/bilibili/boxing,3210,1,4
487,traccar/traccar,https://github.com/traccar/traccar,3201,34,9
488,JSQLParser/JSqlParser,https://github.com/JSQLParser/JSqlParser,3200,26,10
489,chrisbanes/ActionBar-PullToRefresh,https://github.com/chrisbanes/ActionBar-PullToRefresh,3198,0,8
490,eclipse/jetty.project,https://github.com/eclipse/jetty.project,3196,31,10
491,Javen205/IJPay,https://github.com/Javen205/IJPay,3191,23,4
492,yangfuhai/afinal,https://github.com/yangfuhai/afinal,3188,0,8
493,daimajia/AndroidViewHover,https://github.com/daimajia/AndroidViewHover,3180,4,7
494,uber/AutoDispose,https://github.com/uber/AutoDispose,3174,2,4
495,zzz40500/GsonFormat,https://github.com/zzz40500/GsonFormat,3171,4,6
496,crate/crate,https://github.com/crate/crate,3171,32,8
497,spring-cloud/spring-cloud-gateway,https://github.com/spring-cloud/spring-cloud-gateway,3168,0,4
498,apache/kylin,https://github.com/apache/kylin,3156,0,6
499,vert-x3/vertx-examples,https://github.com/vert-x3/vertx-examples,3153,0,6
500,OpenTSDB/opentsdb,https://github.com/OpenTSDB/opentsdb,4498,26,11
501,zhanghai/Douya,https://github.com/zhanghai/Douya,4498,11,5
502,vavr-io/vavr,https://github.com/vavr-io/vavr,4494,17,7
503,romandanylyk/PageIndicatorView,https://github.com/romandanylyk/PageIndicatorView,4490,14,5
504,theonedev/onedev,https://github.com/theonedev/onedev,4487,63,2
505,confluentinc/ksql,https://github.com/confluentinc/ksql,4484,8,4
506,frohoff/ysoserial,https://github.com/frohoff/ysoserial,4482,0,6
507,jgilfelt/chuck,https://github.com/jgilfelt/chuck,4472,5,4
508,nisrulz/android-tips-tricks,https://github.com/nisrulz/android-tips-tricks,4469,0,5
509,spring-projects/spring-security-oauth,https://github.com/spring-projects/spring-security-oauth,4455,0,10
510,plantuml/plantuml,https://github.com/plantuml/plantuml,4455,0,10
511,pili-engineering/PLDroidPlayer,https://github.com/pili-engineering/PLDroidPlayer,4448,38,6
512,spring-cloud/spring-cloud-netflix,https://github.com/spring-cloud/spring-cloud-netflix,4444,2,7
513,gephi/gephi,https://github.com/gephi/gephi,4443,12,9
514,square/android-times-square,https://github.com/square/android-times-square,4443,0,8
515,techGay/v9porn,https://github.com/techGay/v9porn,4436,9,3
516,HotBitmapGG/bilibili-android-client,https://github.com/HotBitmapGG/bilibili-android-client,4412,1,5
517,alibaba/dexposed,https://github.com/alibaba/dexposed,4400,0,6
518,hustcc/JS-Sorting-Algorithm,https://github.com/hustcc/JS-Sorting-Algorithm,4397,0,4
519,castorflex/SmoothProgressBar,https://github.com/castorflex/SmoothProgressBar,4390,9,7
520,auth0/java-jwt,https://github.com/auth0/java-jwt,4384,29,7
521,flowable/flowable-engine,https://github.com/flowable/flowable-engine,4384,18,4
522,lingochamp/okdownload,https://github.com/lingochamp/okdownload,4375,8,3
523,jankotek/mapdb,https://github.com/jankotek/mapdb,4371,0,9
524,mcxiaoke/android-volley,https://github.com/mcxiaoke/android-volley,4360,0,8
525,sofastack/sofa-boot,https://github.com/sofastack/sofa-boot,4354,45,3
526,orientechnologies/orientdb,https://github.com/orientechnologies/orientdb,4345,169,8
527,MindorksOpenSource/android-mvp-architecture,https://github.com/MindorksOpenSource/android-mvp-architecture,4340,0,4
528,alibaba/transmittable-thread-local,https://github.com/alibaba/transmittable-thread-local,4316,43,7
529,981011512/--,https://github.com/981011512/--,4313,0,1
530,baidu/uid-generator,https://github.com/baidu/uid-generator,4310,0,4
531,puniverse/quasar,https://github.com/puniverse/quasar,4309,18,8
532,ElderDrivers/EdXposed,https://github.com/ElderDrivers/EdXposed,4292,27,2
533,firebase/FirebaseUI-Android,https://github.com/firebase/FirebaseUI-Android,4287,63,6
534,mapstruct/mapstruct,https://github.com/mapstruct/mapstruct,4286,20,9
535,Ashok-Varma/BottomNavigation,https://github.com/Ashok-Varma/BottomNavigation,4279,16,5
536,aporter/coursera-android,https://github.com/aporter/coursera-android,4277,0,7
537,apache/groovy,https://github.com/apache/groovy,4268,0,6
538,LawnchairLauncher/lawnchair,https://github.com/LawnchairLauncher/lawnchair,4266,29,4
539,Jasonchenlijian/FastBle,https://github.com/Jasonchenlijian/FastBle,4266,8,5
540,alipay/SoloPi,https://github.com/alipay/SoloPi,4258,6,2
541,bingoogolapple/BGARefreshLayout-Android,https://github.com/bingoogolapple/BGARefreshLayout-Android,4244,4,6
542,Tencent/GT,https://github.com/Tencent/GT,4225,3,5
543,jeasonlzy/ImagePicker,https://github.com/jeasonlzy/ImagePicker,4217,5,5
544,apache/hbase,https://github.com/apache/hbase,4192,11,7
545,deathmarine/Luyten,https://github.com/deathmarine/Luyten,4191,17,8
546,awsdocs/aws-doc-sdk-examples,https://github.com/awsdocs/aws-doc-sdk-examples,4180,0,5
547,roncoo/roncoo-pay,https://github.com/roncoo/roncoo-pay,4177,0,5
548,spring-projects/spring-data-examples,https://github.com/spring-projects/spring-data-examples,4176,0,7
549,JanusGraph/janusgraph,https://github.com/JanusGraph/janusgraph,4169,19,4
550,reactive-streams/reactive-streams-jvm,https://github.com/reactive-streams/reactive-streams-jvm,4158,0,7
551,yasserg/crawler4j,https://github.com/yasserg/crawler4j,4158,3,9
552,cglib/cglib,https://github.com/cglib/cglib,4151,15,7
553,grantland/android-autofittextview,https://github.com/grantland/android-autofittextview,4150,1,10
554,robinhood/ticker,https://github.com/robinhood/ticker,4143,9,5
555,microg/GmsCore,https://github.com/microg/GmsCore,4142,24,7
556,lettuce-io/lettuce-core,https://github.com/lettuce-io/lettuce-core,4142,93,7
557,2227324689/gpmall,https://github.com/2227324689/gpmall,4142,0,2
558,awangdev/LintCode,https://github.com/awangdev/LintCode,4137,0,6
559,pedrovgs/AndroidWiFiADB,https://github.com/pedrovgs/AndroidWiFiADB,4132,8,5
560,hugeterry/CoordinatorTabLayout,https://github.com/hugeterry/CoordinatorTabLayout,4115,0,4
561,Jacksgong/JKeyboardPanelSwitch,https://github.com/Jacksgong/JKeyboardPanelSwitch,4111,14,6
562,google/google-java-format,https://github.com/google/google-java-format,4110,13,6
563,ankidroid/Anki-Android,https://github.com/ankidroid/Anki-Android,4092,950,8
564,javagrowing/JGrowing,https://github.com/javagrowing/JGrowing,4086,0,2
565,hansonwang99/Spring-Boot-In-Action,https://github.com/hansonwang99/Spring-Boot-In-Action,4080,0,2
566,ChadCSong/ShineButton,https://github.com/ChadCSong/ShineButton,4068,2,5
567,Meituan-Dianping/Robust,https://github.com/Meituan-Dianping/Robust,4065,13,4
568,baoyachi/StepView,https://github.com/baoyachi/StepView,4063,13,5
569,macrozheng/springcloud-learning,https://github.com/macrozheng/springcloud-learning,4060,0,2
570,CellularPrivacy/Android-IMSI-Catcher-Detector,https://github.com/CellularPrivacy/Android-IMSI-Catcher-Detector,4058,48,7
571,bitcoinj/bitcoinj,https://github.com/bitcoinj/bitcoinj,4056,1,7
572,youtube/api-samples,https://github.com/youtube/api-samples,4055,0,7
573,airbnb/DeepLinkDispatch,https://github.com/airbnb/DeepLinkDispatch,4053,17,6
574,Netflix/ribbon,https://github.com/Netflix/ribbon,4052,41,8
575,Yalantis/Phoenix,https://github.com/Yalantis/Phoenix,4048,1,6
576,rubensousa/ViewPagerCards,https://github.com/rubensousa/ViewPagerCards,4041,0,5
577,trinodb/trino,https://github.com/trinodb/trino,4036,0,2
578,bingoogolapple/BGABanner-Android,https://github.com/bingoogolapple/BGABanner-Android,4034,0,6
579,alibaba/Tangram-Android,https://github.com/alibaba/Tangram-Android,4033,38,4
580,makovkastar/FloatingActionButton,https://github.com/makovkastar/FloatingActionButton,4032,0,7
581,codingapi/tx-lcn,https://github.com/codingapi/tx-lcn,4027,14,3
582,natario1/CameraView,https://github.com/natario1/CameraView,4018,41,4
583,dinuscxj/LoadingDrawable,https://github.com/dinuscxj/LoadingDrawable,4000,0,5
584,cjlin1/libsvm,https://github.com/cjlin1/libsvm,3994,0,8
585,Exrick/xpay,https://github.com/Exrick/xpay,3988,0,3
586,zhanglei-workspace/shopping-management-system,https://github.com/zhanglei-workspace/shopping-management-system,3977,0,5
587,getActivity/AndroidProject,https://github.com/getActivity/AndroidProject,3977,15,2
588,rengwuxian/RxJavaSamples,https://github.com/rengwuxian/RxJavaSamples,3972,3,5
589,apache/ignite,https://github.com/apache/ignite,3968,0,6
590,BoltsFramework/Bolts-Android,https://github.com/BoltsFramework/Bolts-Android,3967,11,7
591,ongakuer/CircleIndicator,https://github.com/ongakuer/CircleIndicator,3964,7,7
592,qstumn/BadgeView,https://github.com/qstumn/BadgeView,3960,5,4
593,ThirtyDegreesRay/OpenHub,https://github.com/ThirtyDegreesRay/OpenHub,3958,31,4
594,alibaba/jstorm,https://github.com/alibaba/jstorm,3954,22,8
595,zuihou/lamp-cloud,https://github.com/zuihou/lamp-cloud,3951,0,3
596,airbytehq/airbyte,https://github.com/airbytehq/airbyte,3949,76,1
597,CodingDocs/springboot-guide,https://github.com/CodingDocs/springboot-guide,3946,0,2
598,JoanZapata/android-iconify,https://github.com/JoanZapata/android-iconify,3924,0,8
599,stleary/JSON-java,https://github.com/stleary/JSON-java,3908,13,10
600,Teevity/ice,https://github.com/Teevity/ice,2772,3,8
601,google/binnavi,https://github.com/google/binnavi,2766,3,6
602,airbnb/airpal,https://github.com/airbnb/airpal,2760,0,7
603,bin456789/Unblock163MusicClient-Xposed,https://github.com/bin456789/Unblock163MusicClient-Xposed,2759,13,5
604,googlearchive/android-Camera2Basic,https://github.com/googlearchive/android-Camera2Basic,2755,0,7
605,liquibase/liquibase,https://github.com/liquibase/liquibase,2754,59,10
606,Yalantis/GuillotineMenu-Android,https://github.com/Yalantis/GuillotineMenu-Android,2745,2,6
607,north2016/T-MVP,https://github.com/north2016/T-MVP,2745,0,5
608,RobotiumTech/robotium,https://github.com/RobotiumTech/robotium,2741,0,11
609,eclipse-openj9/openj9,https://github.com/eclipse-openj9/openj9,2738,26,4
610,apache/maven,https://github.com/apache/maven,2735,0,12
611,Nightonke/CoCoin,https://github.com/Nightonke/CoCoin,2734,0,5
612,googlesamples/google-services,https://github.com/googlesamples/google-services,2730,0,6
613,TangoAgency/material-intro-screen,https://github.com/TangoAgency/material-intro-screen,2722,4,4
614,wenmingvs/AndroidProcess,https://github.com/wenmingvs/AndroidProcess,2720,0,5
615,Mojang/brigadier,https://github.com/Mojang/brigadier,2718,3,6
616,PhilippC/keepass2android,https://github.com/PhilippC/keepass2android,2718,16,3
617,code-troopers/android-betterpickers,https://github.com/code-troopers/android-betterpickers,2718,16,8
618,fengjundev/Android-Skin-Loader,https://github.com/fengjundev/Android-Skin-Loader,2712,0,6
619,pedrovgs/Algorithms,https://github.com/pedrovgs/Algorithms,2708,0,6
620,saulmm/CoordinatorBehaviorExample,https://github.com/saulmm/CoordinatorBehaviorExample,2708,0,6
621,harjot-oberai/MusicDNA,https://github.com/harjot-oberai/MusicDNA,2707,2,5
622,oguzbilgener/CircularFloatingActionMenu,https://github.com/oguzbilgener/CircularFloatingActionMenu,2706,0,7
623,oshi/oshi,https://github.com/oshi/oshi,2704,119,9
624,AbrahamCaiJin/CommonUtilLibrary,https://github.com/AbrahamCaiJin/CommonUtilLibrary,2702,0,4
625,awaitility/awaitility,https://github.com/awaitility/awaitility,2700,0,11
626,jfeinstein10/JazzyViewPager,https://github.com/jfeinstein10/JazzyViewPager,2693,0,8
627,lizhangqu/CoreLink,https://github.com/lizhangqu/CoreLink,2693,0,6
628,sockeqwe/AdapterDelegates,https://github.com/sockeqwe/AdapterDelegates,2692,16,6
629,jMonkeyEngine/jmonkeyengine,https://github.com/jMonkeyEngine/jmonkeyengine,2688,38,7
630,mmin18/RealtimeBlurView,https://github.com/mmin18/RealtimeBlurView,2683,0,4
631,JohnPersano/SuperToasts,https://github.com/JohnPersano/SuperToasts,2676,5,8
632,flavioarfaria/KenBurnsView,https://github.com/flavioarfaria/KenBurnsView,2676,4,7
633,spring-projects/spring-authorization-server,https://github.com/spring-projects/spring-authorization-server,2668,7,1
634,Hitomis/transferee,https://github.com/Hitomis/transferee,2660,8,4
635,Malinskiy/SuperRecyclerView,https://github.com/Malinskiy/SuperRecyclerView,2658,7,6
636,Todd-Davies/ProgressWheel,https://github.com/Todd-Davies/ProgressWheel,2652,3,9
637,qii/weiciyuan,https://github.com/qii/weiciyuan,2650,0,9
638,brianway/springmvc-mybatis-learning,https://github.com/brianway/springmvc-mybatis-learning,2650,0,5
639,google/hover,https://github.com/google/hover,2647,0,5
640,aritraroy/PatternLockView,https://github.com/aritraroy/PatternLockView,2646,0,4
641,lbryio/lbry-android,https://github.com/lbryio/lbry-android,2644,84,4
642,chennaione/sugar,https://github.com/chennaione/sugar,2639,6,10
643,supertokens/supertokens-core,https://github.com/supertokens/supertokens-core,2639,0,1
644,halirutan/IntelliJ-Key-Promoter-X,https://github.com/halirutan/IntelliJ-Key-Promoter-X,2632,16,4
645,SimonVT/android-menudrawer,https://github.com/SimonVT/android-menudrawer,2629,0,9
646,phodal/migration,https://github.com/phodal/migration,2629,0,1
647,beworker/pinned-section-listview,https://github.com/beworker/pinned-section-listview,2627,5,8
648,jjoe64/GraphView,https://github.com/jjoe64/GraphView,2624,1,10
649,EverythingMe/overscroll-decor,https://github.com/EverythingMe/overscroll-decor,2622,0,5
650,arcadefire/nice-spinner,https://github.com/arcadefire/nice-spinner,2621,18,6
651,liangfeidotme/MasteringAndroidDataBinding,https://github.com/liangfeidotme/MasteringAndroidDataBinding,2620,0,6
652,siyamed/android-shape-imageview,https://github.com/siyamed/android-shape-imageview,2617,2,7
653,nisrulz/sensey,https://github.com/nisrulz/sensey,2617,13,5
654,Pay-Group/best-pay-sdk,https://github.com/Pay-Group/best-pay-sdk,2613,3,4
655,jackpal/Android-Terminal-Emulator,https://github.com/jackpal/Android-Terminal-Emulator,2612,0,11
656,201206030/fiction_house,https://github.com/201206030/fiction_house,2605,5,1
657,r0adkll/Slidr,https://github.com/r0adkll/Slidr,2603,5,7
658,cyrilmottier/GreenDroid,https://github.com/cyrilmottier/GreenDroid,2601,0,11
659,pushtorefresh/storio,https://github.com/pushtorefresh/storio,2600,30,7
660,googlearchive/android-ConstraintLayoutExamples,https://github.com/googlearchive/android-ConstraintLayoutExamples,2600,1,4
661,simple-android-framework/android_design_patterns_analysis,https://github.com/simple-android-framework/android_design_patterns_analysis,2596,0,6
662,florent37/DiagonalLayout,https://github.com/florent37/DiagonalLayout,2595,0,4
663,GeyserMC/Geyser,https://github.com/GeyserMC/Geyser,2590,0,2
664,huazhiyuan2008/RecyclerViewCardGallery,https://github.com/huazhiyuan2008/RecyclerViewCardGallery,2590,0,5
665,spring-projects/spring-loaded,https://github.com/spring-projects/spring-loaded,2588,0,8
666,ldoublem/LoadingView,https://github.com/ldoublem/LoadingView,2588,0,5
667,yangchong211/LifeHelper,https://github.com/yangchong211/LifeHelper,2576,0,3
668,ata4/disunity,https://github.com/ata4/disunity,2575,15,8
669,spotify/docker-maven-plugin,https://github.com/spotify/docker-maven-plugin,2574,0,7
670,Twitter4J/Twitter4J,https://github.com/Twitter4J/Twitter4J,2574,1,12
671,brianway/webporter,https://github.com/brianway/webporter,2561,1,4
672,rubenlagus/TelegramBots,https://github.com/rubenlagus/TelegramBots,2559,67,5
673,jaydenxiao2016/AndroidFire,https://github.com/jaydenxiao2016/AndroidFire,2559,0,4
674,dlew/joda-time-android,https://github.com/dlew/joda-time-android,2558,29,7
675,esoxjem/MovieGuide,https://github.com/esoxjem/MovieGuide,2554,0,5
676,yingLanNull/ShadowImageView,https://github.com/yingLanNull/ShadowImageView,2551,0,4
677,facebookarchive/device-year-class,https://github.com/facebookarchive/device-year-class,2547,2,6
678,LuckyJayce/ViewPagerIndicator,https://github.com/LuckyJayce/ViewPagerIndicator,2544,16,6
679,CJT2325/CameraView,https://github.com/CJT2325/CameraView,2543,2,4
680,bitcoin-wallet/bitcoin-wallet,https://github.com/bitcoin-wallet/bitcoin-wallet,2541,18,9
681,KeepSafe/ReLinker,https://github.com/KeepSafe/ReLinker,2538,12,5
682,ngbdf/redis-manager,https://github.com/ngbdf/redis-manager,2537,13,3
683,bm-x/PhotoView,https://github.com/bm-x/PhotoView,2532,0,6
684,ikarus23/MifareClassicTool,https://github.com/ikarus23/MifareClassicTool,2531,0,8
685,aistrate/AlgorithmsSedgewick,https://github.com/aistrate/AlgorithmsSedgewick,2521,0,9
686,ddd-by-examples/library,https://github.com/ddd-by-examples/library,2520,0,2
687,Cleveroad/SlidingTutorial-Android,https://github.com/Cleveroad/SlidingTutorial-Android,2519,0,5
688,mxn21/FlowingDrawer,https://github.com/mxn21/FlowingDrawer,2519,0,6
689,katzer/cordova-plugin-local-notifications,https://github.com/katzer/cordova-plugin-local-notifications,2517,0,8
690,spring-projects/spring-data-elasticsearch,https://github.com/spring-projects/spring-data-elasticsearch,2515,25,8
691,CaffeineMC/sodium-fabric,https://github.com/CaffeineMC/sodium-fabric,2511,6,1
692,romainguy/ViewServer,https://github.com/romainguy/ViewServer,2509,0,10
693,oracle/helidon,https://github.com/oracle/helidon,2501,46,3
694,grishka/Houseclub,https://github.com/grishka/Houseclub,2501,10,0
695,spotify/dockerfile-maven,https://github.com/spotify/dockerfile-maven,2498,14,5
696,rememberber/WePush,https://github.com/rememberber/WePush,2493,49,4
697,bingoogolapple/BGABadgeView-Android,https://github.com/bingoogolapple/BGABadgeView-Android,2493,0,6
698,johannilsson/android-pulltorefresh,https://github.com/johannilsson/android-pulltorefresh,2491,0,10
699,real-logic/simple-binary-encoding,https://github.com/real-logic/simple-binary-encoding,2491,71,8
700,stfalcon-studio/ChatKit,https://github.com/stfalcon-studio/ChatKit,3449,1,4
701,dropbox/hackpad,https://github.com/dropbox/hackpad,3448,0,6
702,bilibili/MagicaSakura,https://github.com/bilibili/MagicaSakura,3447,3,5
703,failsafe-lib/failsafe,https://github.com/failsafe-lib/failsafe,3443,0,6
704,guolindev/giffun,https://github.com/guolindev/giffun,3438,0,2
705,mybatis/spring-boot-starter,https://github.com/mybatis/spring-boot-starter,3437,21,5
706,avast/android-butterknife-zelezny,https://github.com/avast/android-butterknife-zelezny,3434,8,7
707,M66B/NetGuard,https://github.com/M66B/NetGuard,3422,130,5
708,Ereza/CustomActivityOnCrash,https://github.com/Ereza/CustomActivityOnCrash,3417,11,7
709,code4craft/tiny-spring,https://github.com/code4craft/tiny-spring,3411,0,7
710,sofastack/sofa-rpc,https://github.com/sofastack/sofa-rpc,3411,39,3
711,yigit/android-priority-jobqueue,https://github.com/yigit/android-priority-jobqueue,3407,0,7
712,mpusher/mpush,https://github.com/mpusher/mpush,3406,9,5
713,google/rejoiner,https://github.com/google/rejoiner,3401,3,3
714,xuexiangjys/XUI,https://github.com/xuexiangjys/XUI,3400,20,2
715,crossoverJie/SSM,https://github.com/crossoverJie/SSM,3381,10,5
716,oracle/opengrok,https://github.com/oracle/opengrok,3374,184,8
717,linyiqun/DataMiningAlgorithm,https://github.com/linyiqun/DataMiningAlgorithm,3374,0,6
718,ivacf/archi,https://github.com/ivacf/archi,3373,0,6
719,Exrick/xboot,https://github.com/Exrick/xboot,3372,6,3
720,runelite/runelite,https://github.com/runelite/runelite,3358,0,5
721,rovo89/XposedInstaller,https://github.com/rovo89/XposedInstaller,3357,0,9
722,LWJGL/lwjgl3,https://github.com/LWJGL/lwjgl3,3356,14,8
723,mock-server/mockserver,https://github.com/mock-server/mockserver,3353,0,8
724,apache/dubbo-admin,https://github.com/apache/dubbo-admin,3352,3,3
725,WVector/AppUpdate,https://github.com/WVector/AppUpdate,3345,3,4
726,mcxtzhang/SwipeDelMenuLayout,https://github.com/mcxtzhang/SwipeDelMenuLayout,3342,2,5
727,alamkanak/Android-Week-View,https://github.com/alamkanak/Android-Week-View,3328,4,6
728,ethanhua/Skeleton,https://github.com/ethanhua/Skeleton,3317,0,4
729,graphhopper/graphhopper,https://github.com/graphhopper/graphhopper,3316,33,9
730,actorapp/actor-platform,https://github.com/actorapp/actor-platform,3314,97,6
731,j-easy/easy-rules,https://github.com/j-easy/easy-rules,3314,10,8
732,abel533/MyBatis-Spring-Boot,https://github.com/abel533/MyBatis-Spring-Boot,3310,0,5
733,web3j/web3j,https://github.com/web3j/web3j,3302,90,5
734,jeremylong/DependencyCheck,https://github.com/jeremylong/DependencyCheck,3302,19,9
735,shekhargulati/99-problems,https://github.com/shekhargulati/99-problems,3301,0,5
736,googlemaps/android-maps-utils,https://github.com/googlemaps/android-maps-utils,3298,22,8
737,stylefeng/Guns,https://github.com/stylefeng/Guns,3294,0,4
738,knowm/XChange,https://github.com/knowm/XChange,3293,0,9
739,lisawray/groupie,https://github.com/lisawray/groupie,3288,26,5
740,GitLqr/LQRWeChat,https://github.com/GitLqr/LQRWeChat,3284,0,4
741,promeG/TinyPinyin,https://github.com/promeG/TinyPinyin,3280,2,5
742,line/armeria,https://github.com/line/armeria,3276,190,5
743,code4craft/netty-learning,https://github.com/code4craft/netty-learning,3272,0,7
744,jboss-javassist/javassist,https://github.com/jboss-javassist/javassist,3271,18,8
745,sherxon/AlgoDS,https://github.com/sherxon/AlgoDS,3265,0,4
746,iammert/ScalingLayout,https://github.com/iammert/ScalingLayout,3265,4,3
747,linkedin/databus,https://github.com/linkedin/databus,3263,0,8
748,saysky/ForestBlog,https://github.com/saysky/ForestBlog,3259,0,3
749,luojilab/DDComponentForAndroid,https://github.com/luojilab/DDComponentForAndroid,3258,4,4
750,rubensousa/PreviewSeekBar,https://github.com/rubensousa/PreviewSeekBar,3256,7,4
751,networknt/light-4j,https://github.com/networknt/light-4j,3256,140,5
752,liuyubobobo/Play-with-Algorithms,https://github.com/liuyubobobo/Play-with-Algorithms,3251,0,5
753,tangqi92/Android-Tips,https://github.com/tangqi92/Android-Tips,3243,0,6
754,Fuzion24/JustTrustMe,https://github.com/Fuzion24/JustTrustMe,3243,1,7
755,bluelinelabs/LoganSquare,https://github.com/bluelinelabs/LoganSquare,3242,0,6
756,tiann/epic,https://github.com/tiann/epic,3241,5,4
757,google/data-transfer-project,https://github.com/google/data-transfer-project,3239,38,3
758,kevinsawicki/http-request,https://github.com/kevinsawicki/http-request,3234,0,9
759,ittianyu/BottomNavigationViewEx,https://github.com/ittianyu/BottomNavigationViewEx,3225,19,4
760,ragunathjawahar/android-saripaar,https://github.com/ragunathjawahar/android-saripaar,3221,3,9
761,java-aodeng/hope-boot,https://github.com/java-aodeng/hope-boot,3221,2,2
762,bauerca/drag-sort-listview,https://github.com/bauerca/drag-sort-listview,3221,0,9
763,hmkcode/Android,https://github.com/hmkcode/Android,3220,0,8
764,dataease/dataease,https://github.com/dataease/dataease,3216,11,0
765,bilibili/boxing,https://github.com/bilibili/boxing,3210,1,4
766,traccar/traccar,https://github.com/traccar/traccar,3201,34,9
767,JSQLParser/JSqlParser,https://github.com/JSQLParser/JSqlParser,3200,26,10
768,chrisbanes/ActionBar-PullToRefresh,https://github.com/chrisbanes/ActionBar-PullToRefresh,3198,0,8
769,UnevenSoftware/LeafPic,https://github.com/UnevenSoftware/LeafPic,3197,7,5
770,eclipse/jetty.project,https://github.com/eclipse/jetty.project,3196,31,10
771,Javen205/IJPay,https://github.com/Javen205/IJPay,3191,23,4
772,yangfuhai/afinal,https://github.com/yangfuhai/afinal,3188,0,8
773,mik3y/usb-serial-for-android,https://github.com/mik3y/usb-serial-for-android,3182,19,8
774,daimajia/AndroidViewHover,https://github.com/daimajia/AndroidViewHover,3180,4,7
775,uber/AutoDispose,https://github.com/uber/AutoDispose,3174,2,4
776,pengjianbo/GalleryFinal,https://github.com/pengjianbo/GalleryFinal,3173,4,5
777,zzz40500/GsonFormat,https://github.com/zzz40500/GsonFormat,3171,4,6
778,crate/crate,https://github.com/crate/crate,3171,32,8
779,spring-cloud/spring-cloud-gateway,https://github.com/spring-cloud/spring-cloud-gateway,3168,0,4
780,MovingBlocks/Terasology,https://github.com/MovingBlocks/Terasology,3160,62,10
781,apache/kylin,https://github.com/apache/kylin,3156,0,6
782,vert-x3/vertx-examples,https://github.com/vert-x3/vertx-examples,3153,0,6
783,androidx/androidx,https://github.com/androidx/androidx,3148,0,1
784,andOTP/andOTP,https://github.com/andOTP/andOTP,3148,38,4
785,wendux/DSBridge-Android,https://github.com/wendux/DSBridge-Android,3145,2,4
786,RedSpider1/concurrent,https://github.com/RedSpider1/concurrent,3145,0,2
787,jfinal/jfinal,https://github.com/jfinal/jfinal,3142,0,9
788,hitherejoe/animate,https://github.com/hitherejoe/animate,3142,0,5
789,facebookarchive/network-connection-class,https://github.com/facebookarchive/network-connection-class,3139,2,6
790,huanghongxun/HMCL,https://github.com/huanghongxun/HMCL,3138,165,6
791,fyhertz/libstreaming,https://github.com/fyhertz/libstreaming,3132,0,8
792,remkop/picocli,https://github.com/remkop/picocli,3127,76,4
793,eishay/jvm-serializers,https://github.com/eishay/jvm-serializers,3126,0,11
794,amulyakhare/TextDrawable,https://github.com/amulyakhare/TextDrawable,3126,0,6
795,chenBingX/SuperTextView,https://github.com/chenBingX/SuperTextView,3126,30,4
796,airbnb/native-navigation,https://github.com/airbnb/native-navigation,3124,0,4
797,kunal-kushwaha/DSA-Bootcamp-Java,https://github.com/kunal-kushwaha/DSA-Bootcamp-Java,3112,0,0
798,apache/incubator-doris,https://github.com/apache/incubator-doris,3109,8,4
799,BelooS/ChipsLayoutManager,https://github.com/BelooS/ChipsLayoutManager,3106,11,5
800,nicolasgramlich/AndEngine,https://github.com/nicolasgramlich/AndEngine,3105,0,9
801,Skykai521/StickerCamera,https://github.com/Skykai521/StickerCamera,3096,0,6
802,alibaba/cobar,https://github.com/alibaba/cobar,3096,1,7
803,yipianfengye/android-adDialog,https://github.com/yipianfengye/android-adDialog,3095,0,5
804,google/volley,https://github.com/google/volley,3090,9,4
805,danylovolokh/VideoPlayerManager,https://github.com/danylovolokh/VideoPlayerManager,3087,0,6
806,Col-E/Recaf,https://github.com/Col-E/Recaf,3084,155,4
807,qunarcorp/bistoury,https://github.com/qunarcorp/bistoury,3077,8,2
808,liujingxing/rxhttp,https://github.com/liujingxing/rxhttp,3076,19,2
809,JavaNoober/BackgroundLibrary,https://github.com/JavaNoober/BackgroundLibrary,3076,9,3
810,huburt-Hu/NewbieGuide,https://github.com/huburt-Hu/NewbieGuide,3073,20,4
811,gabrielemariotti/RecyclerViewItemAnimators,https://github.com/gabrielemariotti/RecyclerViewItemAnimators,3071,0,7
812,hongyangAndroid/Highlight,https://github.com/hongyangAndroid/Highlight,3070,0,5
813,JeremyLiao/LiveEventBus,https://github.com/JeremyLiao/LiveEventBus,3066,0,3
814,WritingMinds/ffmpeg-android-java,https://github.com/WritingMinds/ffmpeg-android-java,3066,8,7
815,eleme/UETool,https://github.com/eleme/UETool,3061,8,3
816,zwwill/yanxuan-weex-demo,https://github.com/zwwill/yanxuan-weex-demo,3056,0,4
817,keyboardsurfer/Crouton,https://github.com/keyboardsurfer/Crouton,3052,8,9
818,requery/requery,https://github.com/requery/requery,3052,43,5
819,sofastack/sofa-jarslink,https://github.com/sofastack/sofa-jarslink,3042,2,3
820,jgilfelt/android-viewbadger,https://github.com/jgilfelt/android-viewbadger,3038,0,9
821,alibaba/jetcache,https://github.com/alibaba/jetcache,3033,47,4
822,micrometer-metrics/micrometer,https://github.com/micrometer-metrics/micrometer,3027,117,4
823,undertow-io/undertow,https://github.com/undertow-io/undertow,3024,0,9
824,crazyandcoder/citypicker,https://github.com/crazyandcoder/citypicker,3016,4,5
825,zlt2000/microservices-platform,https://github.com/zlt2000/microservices-platform,3016,23,2
826,anggrayudi/android-hidden-api,https://github.com/anggrayudi/android-hidden-api,3015,1,5
827,pedrovgs/DraggablePanel,https://github.com/pedrovgs/DraggablePanel,3011,10,7
828,zhou-you/RxEasyHttp,https://github.com/zhou-you/RxEasyHttp,3011,0,4
829,guoguibing/librec,https://github.com/guoguibing/librec,3010,3,7
830,xmuSistone/ViewpagerTransition,https://github.com/xmuSistone/ViewpagerTransition,3010,1,4
831,facebookarchive/react-native-fbsdk,https://github.com/facebookarchive/react-native-fbsdk,3003,22,6
832,KingJA/LoadSir,https://github.com/KingJA/LoadSir,3002,6,4
833,lovetuzitong/MultiImageSelector,https://github.com/lovetuzitong/MultiImageSelector,3001,2,6
834,fishercoder1534/Leetcode,https://github.com/fishercoder1534/Leetcode,3001,0,5
835,woxingxiao/BubbleSeekBar,https://github.com/woxingxiao/BubbleSeekBar,2996,12,4
836,uber/NullAway,https://github.com/uber/NullAway,2996,0,4
837,Marswin/MarsDaemon,https://github.com/Marswin/MarsDaemon,2994,0,5
838,dmytrodanylyk/android-process-button,https://github.com/dmytrodanylyk/android-process-button,2993,1,7
839,stephanenicolas/robospice,https://github.com/stephanenicolas/robospice,2992,1,8
840,Polidea/RxAndroidBle,https://github.com/Polidea/RxAndroidBle,2984,45,5
841,burhanrashid52/PhotoEditor,https://github.com/burhanrashid52/PhotoEditor,2982,13,3
842,spockframework/spock,https://github.com/spockframework/spock,2982,12,10
843,PowerJob/PowerJob,https://github.com/PowerJob/PowerJob,2978,32,1
844,lenve/JavaEETest,https://github.com/lenve/JavaEETest,2970,0,4
845,Red5/red5-server,https://github.com/Red5/red5-server,2969,45,7
846,didi/LogiKM,https://github.com/didi/LogiKM,2968,11,1
847,immutables/immutables,https://github.com/immutables/immutables,2968,6,8
848,jd-alexander/LikeButton,https://github.com/jd-alexander/LikeButton,2960,14,5
849,jbloch/effective-java-3e-source-code,https://github.com/jbloch/effective-java-3e-source-code,2960,0,3
850,android-notes/Cockroach,https://github.com/android-notes/Cockroach,2959,1,4
851,jasonross/Nuwa,https://github.com/jasonross/Nuwa,2959,0,5
852,aragozin/jvm-tools,https://github.com/aragozin/jvm-tools,2958,0,9
853,yui/yuicompressor,https://github.com/yui/yuicompressor,2956,1,12
854,h2database/h2database,https://github.com/h2database/h2database,2954,12,6
855,mplushnikov/lombok-intellij-plugin,https://github.com/mplushnikov/lombok-intellij-plugin,2948,116,7
856,WeiYe-Jing/datax-web,https://github.com/WeiYe-Jing/datax-web,2947,5,1
857,zaaach/CityPicker,https://github.com/zaaach/CityPicker,2939,2,5
858,zendesk/maxwell,https://github.com/zendesk/maxwell,2935,175,6
859,udacity/Sunshine-Version-2,https://github.com/udacity/Sunshine-Version-2,2931,0,6
860,CheckChe0803/flink-recommandSystem-demo,https://github.com/CheckChe0803/flink-recommandSystem-demo,2930,0,2
861,java8/Java8InAction,https://github.com/java8/Java8InAction,2923,0,7
862,florent37/ShapeOfView,https://github.com/florent37/ShapeOfView,2922,0,3
863,mxdldev/android-mvp-mvvm-flytour,https://github.com/mxdldev/android-mvp-mvvm-flytour,2922,11,2
864,MindorksOpenSource/PRDownloader,https://github.com/MindorksOpenSource/PRDownloader,2921,5,3
865,yarolegovich/SlidingRootNav,https://github.com/yarolegovich/SlidingRootNav,2913,1,4
866,trojan-gfw/igniter,https://github.com/trojan-gfw/igniter,2910,32,2
867,KeepSafe/dexcount-gradle-plugin,https://github.com/KeepSafe/dexcount-gradle-plugin,2908,18,6
868,jacoco/jacoco,https://github.com/jacoco/jacoco,2905,43,9
869,yusugomori/DeepLearning,https://github.com/yusugomori/DeepLearning,2904,0,8
870,javaee/jersey,https://github.com/javaee/jersey,2903,30,9
871,ZieIony/Carbon,https://github.com/ZieIony/Carbon,2899,2,6
872,edmodo/cropper,https://github.com/edmodo/cropper,2898,0,8
873,ManuelPeinado/FadingActionBar,https://github.com/ManuelPeinado/FadingActionBar,2896,0,8
874,JackyAndroid/AndroidChromium,https://github.com/JackyAndroid/AndroidChromium,2894,2,5
875,googlesamples/android-vision,https://github.com/googlesamples/android-vision,2893,0,6
876,react-native-share/react-native-share,https://github.com/react-native-share/react-native-share,2885,62,5
877,FasterXML/jackson-databind,https://github.com/FasterXML/jackson-databind,2885,0,9
878,geftimov/android-pathview,https://github.com/geftimov/android-pathview,2883,2,6
879,KunMinX/Linkage-RecyclerView,https://github.com/KunMinX/Linkage-RecyclerView,2882,0,2
880,YahooArchive/anthelion,https://github.com/YahooArchive/anthelion,2878,0,5
881,race604/FlyRefresh,https://github.com/race604/FlyRefresh,2878,2,6
882,evrencoskun/TableView,https://github.com/evrencoskun/TableView,2878,12,4
883,subhra74/xdm,https://github.com/subhra74/xdm,2876,3,3
884,ballerina-platform/ballerina-lang,https://github.com/ballerina-platform/ballerina-lang,2875,94,4
885,saulmm/Android-Material-Examples,https://github.com/saulmm/Android-Material-Examples,2874,0,6
886,baomidou/dynamic-datasource-spring-boot-starter,https://github.com/baomidou/dynamic-datasource-spring-boot-starter,2872,6,3
887,dingjikerbo/Android-BluetoothKit,https://github.com/dingjikerbo/Android-BluetoothKit,2872,0,5
888,NotFound9/interviewGuide,https://github.com/NotFound9/interviewGuide,2871,0,5
889,ltsopensource/light-task-scheduler,https://github.com/ltsopensource/light-task-scheduler,2866,29,6
890,guolindev/booksource,https://github.com/guolindev/booksource,2865,0,4
891,gouthampradhan/leetcode,https://github.com/gouthampradhan/leetcode,2863,0,4
892,donglua/PhotoPicker,https://github.com/donglua/PhotoPicker,2861,13,6
893,nic-delhi/AarogyaSetu_Android,https://github.com/nic-delhi/AarogyaSetu_Android,2856,0,1
894,watabou/pixel-dungeon,https://github.com/watabou/pixel-dungeon,2856,0,7
895,alibaba/QLExpress,https://github.com/alibaba/QLExpress,2855,0,4
896,iwgang/CountdownView,https://github.com/iwgang/CountdownView,2855,3,5
897,vaticle/typedb,https://github.com/vaticle/typedb,2854,71,5
898,obsidiandynamics/kafdrop,https://github.com/obsidiandynamics/kafdrop,2853,41,2
899,SpecialCyCi/AndroidResideMenu,https://github.com/SpecialCyCi/AndroidResideMenu,2851,7,7
900,openaphid/android-flip,https://github.com/openaphid/android-flip,2851,0,9
901,nanchen2251/RxJava2Examples,https://github.com/nanchen2251/RxJava2Examples,2850,0,4
902,jiangqqlmj/FastDev4Android,https://github.com/jiangqqlmj/FastDev4Android,2847,4,5
903,CrawlScript/WebCollector,https://github.com/CrawlScript/WebCollector,2840,0,7
904,bmelnychuk/AndroidTreeView,https://github.com/bmelnychuk/AndroidTreeView,2836,0,6
905,yanzhenjie/AndServer,https://github.com/yanzhenjie/AndServer,2835,0,5
906,jprante/elasticsearch-jdbc,https://github.com/jprante/elasticsearch-jdbc,2835,19,9
907,osmandapp/OsmAnd,https://github.com/osmandapp/OsmAnd,2834,1,10
908,w446108264/XhsEmoticonsKeyboard,https://github.com/w446108264/XhsEmoticonsKeyboard,2830,7,6
909,apollographql/apollo-android,https://github.com/apollographql/apollo-android,2829,69,4
910,jindrapetrik/jpexs-decompiler,https://github.com/jindrapetrik/jpexs-decompiler,2827,114,7
911,JulienGenoud/android-percent-support-lib-sample,https://github.com/JulienGenoud/android-percent-support-lib-sample,2827,2,6
912,alibaba/Alink,https://github.com/alibaba/Alink,2819,10,2
913,sunfusheng/StickyHeaderListView,https://github.com/sunfusheng/StickyHeaderListView,2818,0,5
914,AweiLoveAndroid/CommonDevKnowledge,https://github.com/AweiLoveAndroid/CommonDevKnowledge,2817,0,3
915,szerhusenBC/jwt-spring-security-demo,https://github.com/szerhusenBC/jwt-spring-security-demo,2810,3,5
916,mzule/ActivityRouter,https://github.com/mzule/ActivityRouter,2804,3,5
917,square/flow,https://github.com/square/flow,2803,0,7
918,jiajunhui/PlayerBase,https://github.com/jiajunhui/PlayerBase,2798,18,4
919,VaughnVernon/IDDD_Samples,https://github.com/VaughnVernon/IDDD_Samples,2795,0,8
920,tronprotocol/java-tron,https://github.com/tronprotocol/java-tron,2795,59,3
921,LandGrey/SpringBootVulExploit,https://github.com/LandGrey/SpringBootVulExploit,2792,0,1
922,florent37/ExpectAnim,https://github.com/florent37/ExpectAnim,2785,1,4
923,FinalTeam/RxGalleryFinal,https://github.com/FinalTeam/RxGalleryFinal,2784,1,5
924,DiUS/java-faker,https://github.com/DiUS/java-faker,2782,0,10
925,spring-cloud/spring-cloud-kubernetes,https://github.com/spring-cloud/spring-cloud-kubernetes,2778,0,4
926,jenkinsci/blueocean-plugin,https://github.com/jenkinsci/blueocean-plugin,2778,27,5
927,JoanZapata/android-pdfview,https://github.com/JoanZapata/android-pdfview,2776,0,8
928,JakeWharton/scalpel,https://github.com/JakeWharton/scalpel,2774,0,7
929,Tencent/MSEC,https://github.com/Tencent/MSEC,2773,0,4
930,Teevity/ice,https://github.com/Teevity/ice,2772,3,8
931,JCTools/JCTools,https://github.com/JCTools/JCTools,2772,15,7
932,apache/nifi,https://github.com/apache/nifi,2767,0,6
933,google/binnavi,https://github.com/google/binnavi,2766,3,6
934,airbnb/airpal,https://github.com/airbnb/airpal,2760,0,7
935,bin456789/Unblock163MusicClient-Xposed,https://github.com/bin456789/Unblock163MusicClient-Xposed,2759,13,5
936,googlearchive/android-Camera2Basic,https://github.com/googlearchive/android-Camera2Basic,2755,0,7
937,liquibase/liquibase,https://github.com/liquibase/liquibase,2754,59,10
938,Nightonke/WoWoViewPager,https://github.com/Nightonke/WoWoViewPager,2750,0,5
939,Yalantis/GuillotineMenu-Android,https://github.com/Yalantis/GuillotineMenu-Android,2745,2,6
940,north2016/T-MVP,https://github.com/north2016/T-MVP,2745,0,5
941,RobotiumTech/robotium,https://github.com/RobotiumTech/robotium,2741,0,11
942,eclipse-openj9/openj9,https://github.com/eclipse-openj9/openj9,2738,26,4
943,JackyAndroid/AndroidTVLauncher,https://github.com/JackyAndroid/AndroidTVLauncher,2738,3,5
944,apache/maven,https://github.com/apache/maven,2735,0,12
945,Nightonke/CoCoin,https://github.com/Nightonke/CoCoin,2734,0,5
946,cSploit/android,https://github.com/cSploit/android,2733,33,6
947,googlesamples/google-services,https://github.com/googlesamples/google-services,2730,0,6
948,TangoAgency/material-intro-screen,https://github.com/TangoAgency/material-intro-screen,2722,4,4
949,wenmingvs/AndroidProcess,https://github.com/wenmingvs/AndroidProcess,2720,0,5
950,Mojang/brigadier,https://github.com/Mojang/brigadier,2718,3,6
951,PhilippC/keepass2android,https://github.com/PhilippC/keepass2android,2718,16,3
952,code-troopers/android-betterpickers,https://github.com/code-troopers/android-betterpickers,2718,16,8
953,MagicMashRoom/SuperCalendar,https://github.com/MagicMashRoom/SuperCalendar,2718,13,4
954,fengjundev/Android-Skin-Loader,https://github.com/fengjundev/Android-Skin-Loader,2712,0,6
955,pedrovgs/Algorithms,https://github.com/pedrovgs/Algorithms,2708,0,6
956,liuyangming/ByteTCC,https://github.com/liuyangming/ByteTCC,2708,17,5
957,saulmm/CoordinatorBehaviorExample,https://github.com/saulmm/CoordinatorBehaviorExample,2708,0,6
958,harjot-oberai/MusicDNA,https://github.com/harjot-oberai/MusicDNA,2707,2,5
959,oguzbilgener/CircularFloatingActionMenu,https://github.com/oguzbilgener/CircularFloatingActionMenu,2706,0,7
960,bastillion-io/Bastillion,https://github.com/bastillion-io/Bastillion,2705,11,8
961,oshi/oshi,https://github.com/oshi/oshi,2704,119,9
962,android/user-interface-samples,https://github.com/android/user-interface-samples,2703,1,2
963,AbrahamCaiJin/CommonUtilLibrary,https://github.com/AbrahamCaiJin/CommonUtilLibrary,2702,0,4
964,awaitility/awaitility,https://github.com/awaitility/awaitility,2700,0,11
965,tyzlmjj/PagerBottomTabStrip,https://github.com/tyzlmjj/PagerBottomTabStrip,2694,12,6
966,jfeinstein10/JazzyViewPager,https://github.com/jfeinstein10/JazzyViewPager,2693,0,8
967,lizhangqu/CoreLink,https://github.com/lizhangqu/CoreLink,2693,0,6
968,sockeqwe/AdapterDelegates,https://github.com/sockeqwe/AdapterDelegates,2692,16,6
969,jMonkeyEngine/jmonkeyengine,https://github.com/jMonkeyEngine/jmonkeyengine,2688,38,7
970,jtablesaw/tablesaw,https://github.com/jtablesaw/tablesaw,2686,74,5
971,mmin18/RealtimeBlurView,https://github.com/mmin18/RealtimeBlurView,2683,0,4
972,amitshekhariitbhu/awesome-android-complete-reference,https://github.com/amitshekhariitbhu/awesome-android-complete-reference,2679,0,5
973,JohnPersano/SuperToasts,https://github.com/JohnPersano/SuperToasts,2676,5,8
974,flavioarfaria/KenBurnsView,https://github.com/flavioarfaria/KenBurnsView,2676,4,7
975,glomadrian/Grav,https://github.com/glomadrian/Grav,2669,0,4
976,spring-projects/spring-authorization-server,https://github.com/spring-projects/spring-authorization-server,2668,7,1
977,MindorksOpenSource/android-mvvm-architecture,https://github.com/MindorksOpenSource/android-mvvm-architecture,2666,0,4
978,Dimezis/BlurView,https://github.com/Dimezis/BlurView,2663,22,5
979,Hitomis/transferee,https://github.com/Hitomis/transferee,2660,8,4
980,Malinskiy/SuperRecyclerView,https://github.com/Malinskiy/SuperRecyclerView,2658,7,6
981,chanjarster/weixin-java-tools,https://github.com/chanjarster/weixin-java-tools,2656,21,7
982,Todd-Davies/ProgressWheel,https://github.com/Todd-Davies/ProgressWheel,2652,3,9
983,qii/weiciyuan,https://github.com/qii/weiciyuan,2650,0,9
984,apache/calcite,https://github.com/apache/calcite,2650,0,7
985,brianway/springmvc-mybatis-learning,https://github.com/brianway/springmvc-mybatis-learning,2650,0,5
986,spring-io/initializr,https://github.com/spring-io/initializr,2647,9,8
987,google/hover,https://github.com/google/hover,2647,0,5
988,aritraroy/PatternLockView,https://github.com/aritraroy/PatternLockView,2646,0,4
989,killme2008/aviatorscript,https://github.com/killme2008/aviatorscript,2645,44,10
990,500px/500px-android-blur,https://github.com/500px/500px-android-blur,2644,0,6
991,lbryio/lbry-android,https://github.com/lbryio/lbry-android,2644,84,4
992,chennaione/sugar,https://github.com/chennaione/sugar,2639,6,10
993,supertokens/supertokens-core,https://github.com/supertokens/supertokens-core,2639,0,1
994,halirutan/IntelliJ-Key-Promoter-X,https://github.com/halirutan/IntelliJ-Key-Promoter-X,2632,16,4
995,SimonVT/android-menudrawer,https://github.com/SimonVT/android-menudrawer,2629,0,9
996,phodal/migration,https://github.com/phodal/migration,2629,0,1
997,RipMeApp/ripme,https://github.com/RipMeApp/ripme,2628,126,4
998,beworker/pinned-section-listview,https://github.com/beworker/pinned-section-listview,2627,5,8
999,florent37/ViewAnimator,https://github.com/florent37/ViewAnimator,2624,3,5
